<code_scheme name="Default" version="173">
  <option name="RIGHT_MARGIN" value="256" />
  <option name="WRAP_WHEN_TYPING_REACHES_RIGHT_MARGIN" value="true" />
  <option name="SOFT_MARGINS" value="128" />
  <Python>
    <option name="SPACE_AFTER_PY_COLON" value="false" />
    <option name="SPACE_AROUND_POWER_OPERATOR" value="false" />
    <option name="NEW_LINE_AFTER_COLON_MULTI_CLAUSE" value="false" />
    <option name="OPTIMIZE_IMPORTS_SORT_NAMES_IN_FROM_IMPORTS" value="true" />
    <option name="OPTIMIZE_IMPORTS_JOIN_FROM_IMPORTS_WITH_SAME_SOURCE" value="true" />
    <option name="OPTIMIZE_IMPORTS_CASE_INSENSITIVE_ORDER" value="true" />
    <option name="FROM_IMPORT_WRAPPING" value="0" />
  </Python>
  <codeStyleSettings language="Python">
    <option name="KEEP_LINE_BREAKS" value="false" />
    <option name="SPACE_AROUND_ADDITIVE_OPERATORS" value="false" />
    <option name="SPACE_AROUND_MULTIPLICATIVE_OPERATORS" value="false" />
    <option name="METHOD_PARAMETERS_WRAP" value="0" />
  </codeStyleSettings>
</code_scheme>