<code_scheme name="Default" version="173">
  <option name="RIGHT_MARGIN" value="256" />
  <option name="WRAP_WHEN_TYPING_REACHES_RIGHT_MARGIN" value="true" />
  <option name="SOFT_MARGINS" value="128" />
  <Markdown>
    <option name="MAX_LINES_AROUND_HEADER" value="0" />
    <option name="MIN_LINES_AROUND_HEADER" value="2" />
    <option name="MAX_LINES_AROUND_BLOCK_ELEMENTS" value="0" />
    <option name="MIN_LINES_AROUND_BLOCK_ELEMENTS" value="2" />
    <option name="MAX_LINES_BETWEEN_PARAGRAPHS" value="0" />
    <option name="MIN_LINES_BETWEEN_PARAGRAPHS" value="2" />
  </Markdown>
  <Python>
    <option name="SPACE_AFTER_PY_COLON" value="false" />
    <option name="SPACE_AROUND_POWER_OPERATOR" value="false" />
    <option name="NEW_LINE_AFTER_COLON_MULTI_CLAUSE" value="false" />
    <option name="DICT_ALIGNMENT" value="2" />
    <option name="DICT_WRAPPING" value="0" />
    <option name="BLANK_LINES_AFTER_LOCAL_IMPORTS" value="1" />
    <option name="USE_CONTINUATION_INDENT_FOR_ARGUMENTS" value="true" />
    <option name="USE_CONTINUATION_INDENT_FOR_COLLECTION_AND_COMPREHENSIONS" value="true" />
    <option name="OPTIMIZE_IMPORTS_SORT_NAMES_IN_FROM_IMPORTS" value="true" />
    <option name="OPTIMIZE_IMPORTS_JOIN_FROM_IMPORTS_WITH_SAME_SOURCE" value="true" />
    <option name="OPTIMIZE_IMPORTS_CASE_INSENSITIVE_ORDER" value="true" />
    <option name="FROM_IMPORT_WRAPPING" value="0" />
    <option name="HANG_CLOSING_BRACKETS" value="true" />
  </Python>
  <codeStyleSettings language="Python">
    <option name="RIGHT_MARGIN" value="256" />
    <option name="KEEP_LINE_BREAKS" value="false" />
    <option name="BLANK_LINES_AFTER_IMPORTS" value="2" />
    <option name="BLANK_LINES_AROUND_METHOD" value="2" />
    <option name="SPACE_AROUND_ADDITIVE_OPERATORS" value="false" />
    <option name="SPACE_AROUND_MULTIPLICATIVE_OPERATORS" value="false" />
    <option name="CALL_PARAMETERS_WRAP" value="5" />
    <option name="METHOD_PARAMETERS_WRAP" value="5" />
    <indentOptions>
      <option name="SMART_TABS" value="true" />
    </indentOptions>
  </codeStyleSettings>
</code_scheme>