<application>
  <component name="FeatureSuggesterSettings">
    <option name="workingDays">
      <list>
        <option value="1649895605966" />
        <option value="1649981213848" />
        <option value="1650240086450" />
        <option value="1650326997748" />
        <option value="1650412967713" />
        <option value="1650499420117" />
        <option value="1650602245571" />
        <option value="1650845008772" />
        <option value="1651040703826" />
        <option value="1651108560352" />
        <option value="1651164115948" />
        <option value="1651449721763" />
        <option value="1651538603618" />
        <option value="1651626074745" />
      </list>
    </option>
  </component>
</application>