<application>
  <component name="ProjectJdkTable">
    <jdk version="2">
      <name value="Python 3.8 (docs)" />
      <type value="Python SDK" />
      <version value="Python 3.8.10" />
      <homePath value="$USER_HOME$/docs/venv/bin/python" />
      <roots>
        <classPath>
          <root type="composite">
            <root url="file:///usr/lib/python3.8" type="simple" />
            <root url="file:///usr/lib/python3.8/lib-dynload" type="simple" />
            <root url="file://$USER_HOME$/docs/venv/lib/python3.8/site-packages" type="simple" />
            <root url="file://$USER_HOME$/docs/tools" type="simple" />
            <root url="file://$USER_HOME$/.cache/JetBrains/PyCharmCE2021.1/python_stubs/-1203825794" type="simple" />
            <root url="file://$APPLICATION_HOME_DIR$/plugins/python-ce/helpers/python-skeletons" type="simple" />
            <root url="file://$APPLICATION_HOME_DIR$/plugins/python-ce/helpers/typeshed/stdlib" type="simple" />
            <root url="file://$APPLICATION_HOME_DIR$/plugins/python-ce/helpers/typeshed/stubs/jwt" type="simple" />
            <root url="file://$APPLICATION_HOME_DIR$/plugins/python-ce/helpers/typeshed/stubs/six" type="simple" />
            <root url="file://$APPLICATION_HOME_DIR$/plugins/python-ce/helpers/typeshed/stubs/mock" type="simple" />
            <root url="file://$APPLICATION_HOME_DIR$/plugins/python-ce/helpers/typeshed/stubs/nmap" type="simple" />
            <root url="file://$APPLICATION_HOME_DIR$/plugins/python-ce/helpers/typeshed/stubs/attrs" type="simple" />
            <root url="file://$APPLICATION_HOME_DIR$/plugins/python-ce/helpers/typeshed/stubs/polib" type="simple" />
            <root url="file://$APPLICATION_HOME_DIR$/plugins/python-ce/helpers/typeshed/stubs/retry" type="simple" />
            <root url="file://$APPLICATION_HOME_DIR$/plugins/python-ce/helpers/typeshed/stubs/enum34" type="simple" />
            <root url="file://$APPLICATION_HOME_DIR$/plugins/python-ce/helpers/typeshed/stubs/orjson" type="simple" />
            <root url="file://$APPLICATION_HOME_DIR$/plugins/python-ce/helpers/typeshed/stubs/xxhash" type="simple" />
            <root url="file://$APPLICATION_HOME_DIR$/plugins/python-ce/helpers/typeshed/stubs/chardet" type="simple" />
            <root url="file://$APPLICATION_HOME_DIR$/plugins/python-ce/helpers/typeshed/stubs/futures" type="simple" />
            <root url="file://$APPLICATION_HOME_DIR$/plugins/python-ce/helpers/typeshed/stubs/tzlocal" type="simple" />
            <root url="file://$APPLICATION_HOME_DIR$/plugins/python-ce/helpers/typeshed/stubs/Markdown" type="simple" />
            <root url="file://$APPLICATION_HOME_DIR$/plugins/python-ce/helpers/typeshed/stubs/Werkzeug" type="simple" />
            <root url="file://$APPLICATION_HOME_DIR$/plugins/python-ce/helpers/typeshed/stubs/aiofiles" type="simple" />
            <root url="file://$APPLICATION_HOME_DIR$/plugins/python-ce/helpers/typeshed/stubs/filelock" type="simple" />
            <root url="file://$APPLICATION_HOME_DIR$/plugins/python-ce/helpers/typeshed/stubs/paramiko" type="simple" />
            <root url="file://$APPLICATION_HOME_DIR$/plugins/python-ce/helpers/typeshed/stubs/pathlib2" type="simple" />
            <root url="file://$APPLICATION_HOME_DIR$/plugins/python-ce/helpers/typeshed/stubs/requests" type="simple" />
            <root url="file://$APPLICATION_HOME_DIR$/plugins/python-ce/helpers/typeshed/stubs/waitress" type="simple" />
            <root url="file://$APPLICATION_HOME_DIR$/plugins/python-ce/helpers/typeshed/stubs/freezegun" type="simple" />
            <root url="file://$APPLICATION_HOME_DIR$/plugins/python-ce/helpers/typeshed/stubs/ipaddress" type="simple" />
            <root url="file://$APPLICATION_HOME_DIR$/plugins/python-ce/helpers/typeshed/stubs/pyRFC3339" type="simple" />
            <root url="file://$APPLICATION_HOME_DIR$/plugins/python-ce/helpers/typeshed/stubs/typed-ast" type="simple" />
            <root url="file://$APPLICATION_HOME_DIR$/plugins/python-ce/helpers/typeshed/stubs/Deprecated" type="simple" />
            <root url="file://$APPLICATION_HOME_DIR$/plugins/python-ce/helpers/typeshed/stubs/cachetools" type="simple" />
            <root url="file://$APPLICATION_HOME_DIR$/plugins/python-ce/helpers/typeshed/stubs/frozendict" type="simple" />
            <root url="file://$APPLICATION_HOME_DIR$/plugins/python-ce/helpers/typeshed/stubs/JACK-Client" type="simple" />
            <root url="file://$APPLICATION_HOME_DIR$/plugins/python-ce/helpers/typeshed/stubs/contextvars" type="simple" />
            <root url="file://$APPLICATION_HOME_DIR$/plugins/python-ce/helpers/typeshed/stubs/atomicwrites" type="simple" />
            <root url="file://$APPLICATION_HOME_DIR$/plugins/python-ce/helpers/typeshed/stubs/cryptography" type="simple" />
            <root url="file://$APPLICATION_HOME_DIR$/plugins/python-ce/helpers/typeshed/stubs/DateTimeRange" type="simple" />
            <root url="file://$APPLICATION_HOME_DIR$/plugins/python-ce/helpers/typeshed/stubs/click-spinner" type="simple" />
            <root url="file://$APPLICATION_HOME_DIR$/plugins/python-ce/helpers/typeshed/stubs/pkg_resources" type="simple" />
            <root url="file://$APPLICATION_HOME_DIR$/plugins/python-ce/helpers/typeshed/stubs/python-gflags" type="simple" />
            <root url="file://$APPLICATION_HOME_DIR$/plugins/python-ce/helpers/typeshed/stubs/python-slugify" type="simple" />
            <root url="file://$APPLICATION_HOME_DIR$/plugins/python-ce/helpers/typeshed/stubs/python-dateutil" type="simple" />
            <root url="file://$APPLICATION_HOME_DIR$/plugins/python-ce/helpers/typeshed/stubs/typing-extensions" type="simple" />
          </root>
        </classPath>
        <sourcePath>
          <root type="composite" />
        </sourcePath>
      </roots>
      <additional ASSOCIATED_PROJECT_PATH="$USER_HOME$/docs" />
    </jdk>
    <jdk version="2">
      <name value="Python 3.8 (Mask_RCNN)" />
      <type value="Python SDK" />
      <version value="Python 3.8.10" />
      <homePath value="$USER_HOME$/PycharmProjects/Mask_RCNN/venv/bin/python" />
      <roots>
        <classPath>
          <root type="composite">
            <root url="file:///usr/lib/python3.8" type="simple" />
            <root url="file:///usr/lib/python3.8/lib-dynload" type="simple" />
            <root url="file://$USER_HOME$/PycharmProjects/Mask_RCNN/venv/lib/python3.8/site-packages" type="simple" />
            <root url="jar://$USER_HOME$/PycharmProjects/Mask_RCNN/venv/lib/python3.8/site-packages/mask_rcnn-2.1-py3.8.egg!/" type="simple" />
            <root url="file://$USER_HOME$/.cache/JetBrains/PyCharm2021.1/python_stubs/537663604" type="simple" />
            <root url="file://$APPLICATION_HOME_DIR$/plugins/python/helpers/python-skeletons" type="simple" />
            <root url="file://$APPLICATION_HOME_DIR$/plugins/python/helpers/typeshed/stdlib" type="simple" />
            <root url="file://$APPLICATION_HOME_DIR$/plugins/python/helpers/typeshed/stubs/jwt" type="simple" />
            <root url="file://$APPLICATION_HOME_DIR$/plugins/python/helpers/typeshed/stubs/six" type="simple" />
            <root url="file://$APPLICATION_HOME_DIR$/plugins/python/helpers/typeshed/stubs/mock" type="simple" />
            <root url="file://$APPLICATION_HOME_DIR$/plugins/python/helpers/typeshed/stubs/nmap" type="simple" />
            <root url="file://$APPLICATION_HOME_DIR$/plugins/python/helpers/typeshed/stubs/attrs" type="simple" />
            <root url="file://$APPLICATION_HOME_DIR$/plugins/python/helpers/typeshed/stubs/polib" type="simple" />
            <root url="file://$APPLICATION_HOME_DIR$/plugins/python/helpers/typeshed/stubs/retry" type="simple" />
            <root url="file://$APPLICATION_HOME_DIR$/plugins/python/helpers/typeshed/stubs/enum34" type="simple" />
            <root url="file://$APPLICATION_HOME_DIR$/plugins/python/helpers/typeshed/stubs/orjson" type="simple" />
            <root url="file://$APPLICATION_HOME_DIR$/plugins/python/helpers/typeshed/stubs/xxhash" type="simple" />
            <root url="file://$APPLICATION_HOME_DIR$/plugins/python/helpers/typeshed/stubs/chardet" type="simple" />
            <root url="file://$APPLICATION_HOME_DIR$/plugins/python/helpers/typeshed/stubs/futures" type="simple" />
            <root url="file://$APPLICATION_HOME_DIR$/plugins/python/helpers/typeshed/stubs/tzlocal" type="simple" />
            <root url="file://$APPLICATION_HOME_DIR$/plugins/python/helpers/typeshed/stubs/Markdown" type="simple" />
            <root url="file://$APPLICATION_HOME_DIR$/plugins/python/helpers/typeshed/stubs/Werkzeug" type="simple" />
            <root url="file://$APPLICATION_HOME_DIR$/plugins/python/helpers/typeshed/stubs/aiofiles" type="simple" />
            <root url="file://$APPLICATION_HOME_DIR$/plugins/python/helpers/typeshed/stubs/filelock" type="simple" />
            <root url="file://$APPLICATION_HOME_DIR$/plugins/python/helpers/typeshed/stubs/paramiko" type="simple" />
            <root url="file://$APPLICATION_HOME_DIR$/plugins/python/helpers/typeshed/stubs/pathlib2" type="simple" />
            <root url="file://$APPLICATION_HOME_DIR$/plugins/python/helpers/typeshed/stubs/requests" type="simple" />
            <root url="file://$APPLICATION_HOME_DIR$/plugins/python/helpers/typeshed/stubs/waitress" type="simple" />
            <root url="file://$APPLICATION_HOME_DIR$/plugins/python/helpers/typeshed/stubs/freezegun" type="simple" />
            <root url="file://$APPLICATION_HOME_DIR$/plugins/python/helpers/typeshed/stubs/ipaddress" type="simple" />
            <root url="file://$APPLICATION_HOME_DIR$/plugins/python/helpers/typeshed/stubs/pyRFC3339" type="simple" />
            <root url="file://$APPLICATION_HOME_DIR$/plugins/python/helpers/typeshed/stubs/typed-ast" type="simple" />
            <root url="file://$APPLICATION_HOME_DIR$/plugins/python/helpers/typeshed/stubs/Deprecated" type="simple" />
            <root url="file://$APPLICATION_HOME_DIR$/plugins/python/helpers/typeshed/stubs/cachetools" type="simple" />
            <root url="file://$APPLICATION_HOME_DIR$/plugins/python/helpers/typeshed/stubs/frozendict" type="simple" />
            <root url="file://$APPLICATION_HOME_DIR$/plugins/python/helpers/typeshed/stubs/JACK-Client" type="simple" />
            <root url="file://$APPLICATION_HOME_DIR$/plugins/python/helpers/typeshed/stubs/contextvars" type="simple" />
            <root url="file://$APPLICATION_HOME_DIR$/plugins/python/helpers/typeshed/stubs/atomicwrites" type="simple" />
            <root url="file://$APPLICATION_HOME_DIR$/plugins/python/helpers/typeshed/stubs/cryptography" type="simple" />
            <root url="file://$APPLICATION_HOME_DIR$/plugins/python/helpers/typeshed/stubs/DateTimeRange" type="simple" />
            <root url="file://$APPLICATION_HOME_DIR$/plugins/python/helpers/typeshed/stubs/click-spinner" type="simple" />
            <root url="file://$APPLICATION_HOME_DIR$/plugins/python/helpers/typeshed/stubs/pkg_resources" type="simple" />
            <root url="file://$APPLICATION_HOME_DIR$/plugins/python/helpers/typeshed/stubs/python-gflags" type="simple" />
            <root url="file://$APPLICATION_HOME_DIR$/plugins/python/helpers/typeshed/stubs/python-slugify" type="simple" />
            <root url="file://$APPLICATION_HOME_DIR$/plugins/python/helpers/typeshed/stubs/python-dateutil" type="simple" />
            <root url="file://$APPLICATION_HOME_DIR$/plugins/python/helpers/typeshed/stubs/typing-extensions" type="simple" />
          </root>
        </classPath>
        <sourcePath>
          <root type="composite" />
        </sourcePath>
      </roots>
      <additional ASSOCIATED_PROJECT_PATH="$USER_HOME$/PycharmProjects/Mask_RCNN" />
    </jdk>
    <jdk version="2">
      <name value="Python 3.8 (LSTMVis)" />
      <type value="Python SDK" />
      <version value="Python 3.8.10" />
      <homePath value="$USER_HOME$/PycharmProjects/LSTMVis/venv/bin/python" />
      <roots>
        <classPath>
          <root type="composite">
            <root url="file:///usr/lib/python3.8" type="simple" />
            <root url="file:///usr/lib/python3.8/lib-dynload" type="simple" />
            <root url="file://$USER_HOME$/PycharmProjects/LSTMVis/venv/lib/python3.8/site-packages" type="simple" />
            <root url="file://$USER_HOME$/.cache/JetBrains/PyCharm2021.1/python_stubs/1153080816" type="simple" />
            <root url="file://$APPLICATION_HOME_DIR$/plugins/python/helpers/python-skeletons" type="simple" />
            <root url="file://$APPLICATION_HOME_DIR$/plugins/python/helpers/typeshed/stdlib" type="simple" />
            <root url="file://$APPLICATION_HOME_DIR$/plugins/python/helpers/typeshed/stubs/jwt" type="simple" />
            <root url="file://$APPLICATION_HOME_DIR$/plugins/python/helpers/typeshed/stubs/six" type="simple" />
            <root url="file://$APPLICATION_HOME_DIR$/plugins/python/helpers/typeshed/stubs/mock" type="simple" />
            <root url="file://$APPLICATION_HOME_DIR$/plugins/python/helpers/typeshed/stubs/nmap" type="simple" />
            <root url="file://$APPLICATION_HOME_DIR$/plugins/python/helpers/typeshed/stubs/attrs" type="simple" />
            <root url="file://$APPLICATION_HOME_DIR$/plugins/python/helpers/typeshed/stubs/polib" type="simple" />
            <root url="file://$APPLICATION_HOME_DIR$/plugins/python/helpers/typeshed/stubs/retry" type="simple" />
            <root url="file://$APPLICATION_HOME_DIR$/plugins/python/helpers/typeshed/stubs/enum34" type="simple" />
            <root url="file://$APPLICATION_HOME_DIR$/plugins/python/helpers/typeshed/stubs/orjson" type="simple" />
            <root url="file://$APPLICATION_HOME_DIR$/plugins/python/helpers/typeshed/stubs/xxhash" type="simple" />
            <root url="file://$APPLICATION_HOME_DIR$/plugins/python/helpers/typeshed/stubs/chardet" type="simple" />
            <root url="file://$APPLICATION_HOME_DIR$/plugins/python/helpers/typeshed/stubs/futures" type="simple" />
            <root url="file://$APPLICATION_HOME_DIR$/plugins/python/helpers/typeshed/stubs/tzlocal" type="simple" />
            <root url="file://$APPLICATION_HOME_DIR$/plugins/python/helpers/typeshed/stubs/Markdown" type="simple" />
            <root url="file://$APPLICATION_HOME_DIR$/plugins/python/helpers/typeshed/stubs/Werkzeug" type="simple" />
            <root url="file://$APPLICATION_HOME_DIR$/plugins/python/helpers/typeshed/stubs/aiofiles" type="simple" />
            <root url="file://$APPLICATION_HOME_DIR$/plugins/python/helpers/typeshed/stubs/filelock" type="simple" />
            <root url="file://$APPLICATION_HOME_DIR$/plugins/python/helpers/typeshed/stubs/paramiko" type="simple" />
            <root url="file://$APPLICATION_HOME_DIR$/plugins/python/helpers/typeshed/stubs/pathlib2" type="simple" />
            <root url="file://$APPLICATION_HOME_DIR$/plugins/python/helpers/typeshed/stubs/requests" type="simple" />
            <root url="file://$APPLICATION_HOME_DIR$/plugins/python/helpers/typeshed/stubs/waitress" type="simple" />
            <root url="file://$APPLICATION_HOME_DIR$/plugins/python/helpers/typeshed/stubs/freezegun" type="simple" />
            <root url="file://$APPLICATION_HOME_DIR$/plugins/python/helpers/typeshed/stubs/ipaddress" type="simple" />
            <root url="file://$APPLICATION_HOME_DIR$/plugins/python/helpers/typeshed/stubs/pyRFC3339" type="simple" />
            <root url="file://$APPLICATION_HOME_DIR$/plugins/python/helpers/typeshed/stubs/typed-ast" type="simple" />
            <root url="file://$APPLICATION_HOME_DIR$/plugins/python/helpers/typeshed/stubs/Deprecated" type="simple" />
            <root url="file://$APPLICATION_HOME_DIR$/plugins/python/helpers/typeshed/stubs/cachetools" type="simple" />
            <root url="file://$APPLICATION_HOME_DIR$/plugins/python/helpers/typeshed/stubs/frozendict" type="simple" />
            <root url="file://$APPLICATION_HOME_DIR$/plugins/python/helpers/typeshed/stubs/JACK-Client" type="simple" />
            <root url="file://$APPLICATION_HOME_DIR$/plugins/python/helpers/typeshed/stubs/contextvars" type="simple" />
            <root url="file://$APPLICATION_HOME_DIR$/plugins/python/helpers/typeshed/stubs/atomicwrites" type="simple" />
            <root url="file://$APPLICATION_HOME_DIR$/plugins/python/helpers/typeshed/stubs/cryptography" type="simple" />
            <root url="file://$APPLICATION_HOME_DIR$/plugins/python/helpers/typeshed/stubs/DateTimeRange" type="simple" />
            <root url="file://$APPLICATION_HOME_DIR$/plugins/python/helpers/typeshed/stubs/click-spinner" type="simple" />
            <root url="file://$APPLICATION_HOME_DIR$/plugins/python/helpers/typeshed/stubs/pkg_resources" type="simple" />
            <root url="file://$APPLICATION_HOME_DIR$/plugins/python/helpers/typeshed/stubs/python-gflags" type="simple" />
            <root url="file://$APPLICATION_HOME_DIR$/plugins/python/helpers/typeshed/stubs/python-slugify" type="simple" />
            <root url="file://$APPLICATION_HOME_DIR$/plugins/python/helpers/typeshed/stubs/python-dateutil" type="simple" />
            <root url="file://$APPLICATION_HOME_DIR$/plugins/python/helpers/typeshed/stubs/typing-extensions" type="simple" />
          </root>
        </classPath>
        <sourcePath>
          <root type="composite" />
        </sourcePath>
      </roots>
      <additional ASSOCIATED_PROJECT_PATH="$USER_HOME$/PycharmProjects/LSTMVis" />
    </jdk>
    <jdk version="2">
      <name value="Python 3.8 (django-upload-example)" />
      <type value="Python SDK" />
      <version value="Python 3.8.10" />
      <homePath value="$USER_HOME$/PycharmProjects/django-upload-example/venv/bin/python" />
      <roots>
        <classPath>
          <root type="composite">
            <root url="file://$USER_HOME$/GWT/gap_sdk/utils/gapy" type="simple" />
            <root url="file://$USER_HOME$/GWT/gap_sdk/utils/gap_configs/python" type="simple" />
            <root url="file://$USER_HOME$/GWT/gap_sdk/gvsoc/gvsoc/engine/python" type="simple" />
            <root url="file://$USER_HOME$/GWT/gap_sdk/gvsoc/gvsoc_gap/models" type="simple" />
            <root url="file:///usr/lib/python3.8" type="simple" />
            <root url="file:///usr/lib/python3.8/lib-dynload" type="simple" />
            <root url="file://$USER_HOME$/PycharmProjects/django-upload-example/venv/lib/python3.8/site-packages" type="simple" />
            <root url="file://$USER_HOME$/.cache/JetBrains/PyCharm2021.3/python_stubs/1825154368" type="simple" />
            <root url="file://$APPLICATION_HOME_DIR$/plugins/python/helpers/python-skeletons" type="simple" />
            <root url="file://$APPLICATION_HOME_DIR$/plugins/python/helpers/typeshed/stdlib" type="simple" />
            <root url="file://$APPLICATION_HOME_DIR$/plugins/python/helpers/typeshed/stubs/six" type="simple" />
            <root url="file://$APPLICATION_HOME_DIR$/plugins/python/helpers/typeshed/stubs/boto" type="simple" />
            <root url="file://$APPLICATION_HOME_DIR$/plugins/python/helpers/typeshed/stubs/mock" type="simple" />
            <root url="file://$APPLICATION_HOME_DIR$/plugins/python/helpers/typeshed/stubs/pytz" type="simple" />
            <root url="file://$APPLICATION_HOME_DIR$/plugins/python/helpers/typeshed/stubs/toml" type="simple" />
            <root url="file://$APPLICATION_HOME_DIR$/plugins/python/helpers/typeshed/stubs/annoy" type="simple" />
            <root url="file://$APPLICATION_HOME_DIR$/plugins/python/helpers/typeshed/stubs/babel" type="simple" />
            <root url="file://$APPLICATION_HOME_DIR$/plugins/python/helpers/typeshed/stubs/click" type="simple" />
            <root url="file://$APPLICATION_HOME_DIR$/plugins/python/helpers/typeshed/stubs/emoji" type="simple" />
            <root url="file://$APPLICATION_HOME_DIR$/plugins/python/helpers/typeshed/stubs/first" type="simple" />
            <root url="file://$APPLICATION_HOME_DIR$/plugins/python/helpers/typeshed/stubs/polib" type="simple" />
            <root url="file://$APPLICATION_HOME_DIR$/plugins/python/helpers/typeshed/stubs/redis" type="simple" />
            <root url="file://$APPLICATION_HOME_DIR$/plugins/python/helpers/typeshed/stubs/retry" type="simple" />
            <root url="file://$APPLICATION_HOME_DIR$/plugins/python/helpers/typeshed/stubs/ujson" type="simple" />
            <root url="file://$APPLICATION_HOME_DIR$/plugins/python/helpers/typeshed/stubs/Pillow" type="simple" />
            <root url="file://$APPLICATION_HOME_DIR$/plugins/python/helpers/typeshed/stubs/PyYAML" type="simple" />
            <root url="file://$APPLICATION_HOME_DIR$/plugins/python/helpers/typeshed/stubs/bleach" type="simple" />
            <root url="file://$APPLICATION_HOME_DIR$/plugins/python/helpers/typeshed/stubs/caldav" type="simple" />
            <root url="file://$APPLICATION_HOME_DIR$/plugins/python/helpers/typeshed/stubs/docopt" type="simple" />
            <root url="file://$APPLICATION_HOME_DIR$/plugins/python/helpers/typeshed/stubs/enum34" type="simple" />
            <root url="file://$APPLICATION_HOME_DIR$/plugins/python/helpers/typeshed/stubs/orjson" type="simple" />
            <root url="file://$APPLICATION_HOME_DIR$/plugins/python/helpers/typeshed/stubs/psutil" type="simple" />
            <root url="file://$APPLICATION_HOME_DIR$/plugins/python/helpers/typeshed/stubs/pycurl" type="simple" />
            <root url="file://$APPLICATION_HOME_DIR$/plugins/python/helpers/typeshed/stubs/pysftp" type="simple" />
            <root url="file://$APPLICATION_HOME_DIR$/plugins/python/helpers/typeshed/stubs/stripe" type="simple" />
            <root url="file://$APPLICATION_HOME_DIR$/plugins/python/helpers/typeshed/stubs/xxhash" type="simple" />
            <root url="file://$APPLICATION_HOME_DIR$/plugins/python/helpers/typeshed/stubs/PyMySQL" type="simple" />
            <root url="file://$APPLICATION_HOME_DIR$/plugins/python/helpers/typeshed/stubs/appdirs" type="simple" />
            <root url="file://$APPLICATION_HOME_DIR$/plugins/python/helpers/typeshed/stubs/certifi" type="simple" />
            <root url="file://$APPLICATION_HOME_DIR$/plugins/python/helpers/typeshed/stubs/chardet" type="simple" />
            <root url="file://$APPLICATION_HOME_DIR$/plugins/python/helpers/typeshed/stubs/futures" type="simple" />
            <root url="file://$APPLICATION_HOME_DIR$/plugins/python/helpers/typeshed/stubs/pyaudio" type="simple" />
            <root url="file://$APPLICATION_HOME_DIR$/plugins/python/helpers/typeshed/stubs/pyvmomi" type="simple" />
            <root url="file://$APPLICATION_HOME_DIR$/plugins/python/helpers/typeshed/stubs/slumber" type="simple" />
            <root url="file://$APPLICATION_HOME_DIR$/plugins/python/helpers/typeshed/stubs/tzlocal" type="simple" />
            <root url="file://$APPLICATION_HOME_DIR$/plugins/python/helpers/typeshed/stubs/vobject" type="simple" />
            <root url="file://$APPLICATION_HOME_DIR$/plugins/python/helpers/typeshed/stubs/Markdown" type="simple" />
            <root url="file://$APPLICATION_HOME_DIR$/plugins/python/helpers/typeshed/stubs/Pygments" type="simple" />
            <root url="file://$APPLICATION_HOME_DIR$/plugins/python/helpers/typeshed/stubs/Werkzeug" type="simple" />
            <root url="file://$APPLICATION_HOME_DIR$/plugins/python/helpers/typeshed/stubs/aiofiles" type="simple" />
            <root url="file://$APPLICATION_HOME_DIR$/plugins/python/helpers/typeshed/stubs/colorama" type="simple" />
            <root url="file://$APPLICATION_HOME_DIR$/plugins/python/helpers/typeshed/stubs/croniter" type="simple" />
            <root url="file://$APPLICATION_HOME_DIR$/plugins/python/helpers/typeshed/stubs/docutils" type="simple" />
            <root url="file://$APPLICATION_HOME_DIR$/plugins/python/helpers/typeshed/stubs/filelock" type="simple" />
            <root url="file://$APPLICATION_HOME_DIR$/plugins/python/helpers/typeshed/stubs/html5lib" type="simple" />
            <root url="file://$APPLICATION_HOME_DIR$/plugins/python/helpers/typeshed/stubs/httplib2" type="simple" />
            <root url="file://$APPLICATION_HOME_DIR$/plugins/python/helpers/typeshed/stubs/jmespath" type="simple" />
            <root url="file://$APPLICATION_HOME_DIR$/plugins/python/helpers/typeshed/stubs/oauthlib" type="simple" />
            <root url="file://$APPLICATION_HOME_DIR$/plugins/python/helpers/typeshed/stubs/paramiko" type="simple" />
            <root url="file://$APPLICATION_HOME_DIR$/plugins/python/helpers/typeshed/stubs/psycopg2" type="simple" />
            <root url="file://$APPLICATION_HOME_DIR$/plugins/python/helpers/typeshed/stubs/requests" type="simple" />
            <root url="file://$APPLICATION_HOME_DIR$/plugins/python/helpers/typeshed/stubs/selenium" type="simple" />
            <root url="file://$APPLICATION_HOME_DIR$/plugins/python/helpers/typeshed/stubs/tabulate" type="simple" />
            <root url="file://$APPLICATION_HOME_DIR$/plugins/python/helpers/typeshed/stubs/toposort" type="simple" />
            <root url="file://$APPLICATION_HOME_DIR$/plugins/python/helpers/typeshed/stubs/waitress" type="simple" />
            <root url="file://$APPLICATION_HOME_DIR$/plugins/python/helpers/typeshed/stubs/braintree" type="simple" />
            <root url="file://$APPLICATION_HOME_DIR$/plugins/python/helpers/typeshed/stubs/decorator" type="simple" />
            <root url="file://$APPLICATION_HOME_DIR$/plugins/python/helpers/typeshed/stubs/freezegun" type="simple" />
            <root url="file://$APPLICATION_HOME_DIR$/plugins/python/helpers/typeshed/stubs/ipaddress" type="simple" />
            <root url="file://$APPLICATION_HOME_DIR$/plugins/python/helpers/typeshed/stubs/pyOpenSSL" type="simple" />
            <root url="file://$APPLICATION_HOME_DIR$/plugins/python/helpers/typeshed/stubs/pyRFC3339" type="simple" />
            <root url="file://$APPLICATION_HOME_DIR$/plugins/python/helpers/typeshed/stubs/termcolor" type="simple" />
            <root url="file://$APPLICATION_HOME_DIR$/plugins/python/helpers/typeshed/stubs/ttkthemes" type="simple" />
            <root url="file://$APPLICATION_HOME_DIR$/plugins/python/helpers/typeshed/stubs/typed-ast" type="simple" />
            <root url="file://$APPLICATION_HOME_DIR$/plugins/python/helpers/typeshed/stubs/Deprecated" type="simple" />
            <root url="file://$APPLICATION_HOME_DIR$/plugins/python/helpers/typeshed/stubs/MarkupSafe" type="simple" />
            <root url="file://$APPLICATION_HOME_DIR$/plugins/python/helpers/typeshed/stubs/Send2Trash" type="simple" />
            <root url="file://$APPLICATION_HOME_DIR$/plugins/python/helpers/typeshed/stubs/cachetools" type="simple" />
            <root url="file://$APPLICATION_HOME_DIR$/plugins/python/helpers/typeshed/stubs/commonmark" type="simple" />
            <root url="file://$APPLICATION_HOME_DIR$/plugins/python/helpers/typeshed/stubs/dateparser" type="simple" />
            <root url="file://$APPLICATION_HOME_DIR$/plugins/python/helpers/typeshed/stubs/frozendict" type="simple" />
            <root url="file://$APPLICATION_HOME_DIR$/plugins/python/helpers/typeshed/stubs/jsonschema" type="simple" />
            <root url="file://$APPLICATION_HOME_DIR$/plugins/python/helpers/typeshed/stubs/pyfarmhash" type="simple" />
            <root url="file://$APPLICATION_HOME_DIR$/plugins/python/helpers/typeshed/stubs/setuptools" type="simple" />
            <root url="file://$APPLICATION_HOME_DIR$/plugins/python/helpers/typeshed/stubs/simplejson" type="simple" />
            <root url="file://$APPLICATION_HOME_DIR$/plugins/python/helpers/typeshed/stubs/JACK-Client" type="simple" />
            <root url="file://$APPLICATION_HOME_DIR$/plugins/python/helpers/typeshed/stubs/contextvars" type="simple" />
            <root url="file://$APPLICATION_HOME_DIR$/plugins/python/helpers/typeshed/stubs/dataclasses" type="simple" />
            <root url="file://$APPLICATION_HOME_DIR$/plugins/python/helpers/typeshed/stubs/entrypoints" type="simple" />
            <root url="file://$APPLICATION_HOME_DIR$/plugins/python/helpers/typeshed/stubs/mysqlclient" type="simple" />
            <root url="file://$APPLICATION_HOME_DIR$/plugins/python/helpers/typeshed/stubs/prettytable" type="simple" />
            <root url="file://$APPLICATION_HOME_DIR$/plugins/python/helpers/typeshed/stubs/python-nmap" type="simple" />
            <root url="file://$APPLICATION_HOME_DIR$/plugins/python/helpers/typeshed/stubs/atomicwrites" type="simple" />
            <root url="file://$APPLICATION_HOME_DIR$/plugins/python/helpers/typeshed/stubs/aws-xray-sdk" type="simple" />
            <root url="file://$APPLICATION_HOME_DIR$/plugins/python/helpers/typeshed/stubs/cryptography" type="simple" />
            <root url="file://$APPLICATION_HOME_DIR$/plugins/python/helpers/typeshed/stubs/editdistance" type="simple" />
            <root url="file://$APPLICATION_HOME_DIR$/plugins/python/helpers/typeshed/stubs/itsdangerous" type="simple" />
            <root url="file://$APPLICATION_HOME_DIR$/plugins/python/helpers/typeshed/stubs/DateTimeRange" type="simple" />
            <root url="file://$APPLICATION_HOME_DIR$/plugins/python/helpers/typeshed/stubs/backports_abc" type="simple" />
            <root url="file://$APPLICATION_HOME_DIR$/plugins/python/helpers/typeshed/stubs/click-spinner" type="simple" />
            <root url="file://$APPLICATION_HOME_DIR$/plugins/python/helpers/typeshed/stubs/humanfriendly" type="simple" />
            <root url="file://$APPLICATION_HOME_DIR$/plugins/python/helpers/typeshed/stubs/python-gflags" type="simple" />
            <root url="file://$APPLICATION_HOME_DIR$/plugins/python/helpers/typeshed/stubs/beautifulsoup4" type="simple" />
            <root url="file://$APPLICATION_HOME_DIR$/plugins/python/helpers/typeshed/stubs/characteristic" type="simple" />
            <root url="file://$APPLICATION_HOME_DIR$/plugins/python/helpers/typeshed/stubs/python-slugify" type="simple" />
            <root url="file://$APPLICATION_HOME_DIR$/plugins/python/helpers/typeshed/stubs/singledispatch" type="simple" />
            <root url="file://$APPLICATION_HOME_DIR$/plugins/python/helpers/typeshed/stubs/mypy-extensions" type="simple" />
            <root url="file://$APPLICATION_HOME_DIR$/plugins/python/helpers/typeshed/stubs/python-dateutil" type="simple" />
            <root url="file://$APPLICATION_HOME_DIR$/plugins/python/helpers/typeshed/stubs/pytest-lazy-fixture" type="simple" />
            <root url="file://$APPLICATION_HOME_DIR$/plugins/python/helpers/typeshed/stubs/backports.ssl_match_hostname" type="simple" />
          </root>
        </classPath>
        <sourcePath>
          <root type="composite" />
        </sourcePath>
      </roots>
      <additional ASSOCIATED_PROJECT_PATH="$USER_HOME$/PycharmProjects/django-upload-example" />
    </jdk>
    <jdk version="2">
      <name value="Python 3.8 (venv) (4)" />
      <type value="Python SDK" />
      <version value="Python 3.8.10" />
      <homePath value="$USER_HOME$/PycharmProjects/django-upload-example/venv/bin/python3.8" />
      <roots>
        <classPath>
          <root type="composite">
            <root url="file://$USER_HOME$/GWT/gap_sdk/utils/gapy" type="simple" />
            <root url="file://$USER_HOME$/GWT/gap_sdk/utils/gap_configs/python" type="simple" />
            <root url="file://$USER_HOME$/GWT/gap_sdk/gvsoc/gvsoc/engine/python" type="simple" />
            <root url="file://$USER_HOME$/GWT/gap_sdk/gvsoc/gvsoc_gap/models" type="simple" />
            <root url="file:///usr/lib/python3.8" type="simple" />
            <root url="file:///usr/lib/python3.8/lib-dynload" type="simple" />
            <root url="file://$USER_HOME$/PycharmProjects/django-upload-example/venv/lib/python3.8/site-packages" type="simple" />
            <root url="file://$USER_HOME$/.cache/JetBrains/PyCharm2021.3/python_stubs/-1112139779" type="simple" />
            <root url="file://$APPLICATION_HOME_DIR$/plugins/python/helpers/python-skeletons" type="simple" />
            <root url="file://$APPLICATION_HOME_DIR$/plugins/python/helpers/typeshed/stdlib" type="simple" />
            <root url="file://$APPLICATION_HOME_DIR$/plugins/python/helpers/typeshed/stubs/six" type="simple" />
            <root url="file://$APPLICATION_HOME_DIR$/plugins/python/helpers/typeshed/stubs/boto" type="simple" />
            <root url="file://$APPLICATION_HOME_DIR$/plugins/python/helpers/typeshed/stubs/mock" type="simple" />
            <root url="file://$APPLICATION_HOME_DIR$/plugins/python/helpers/typeshed/stubs/pytz" type="simple" />
            <root url="file://$APPLICATION_HOME_DIR$/plugins/python/helpers/typeshed/stubs/toml" type="simple" />
            <root url="file://$APPLICATION_HOME_DIR$/plugins/python/helpers/typeshed/stubs/annoy" type="simple" />
            <root url="file://$APPLICATION_HOME_DIR$/plugins/python/helpers/typeshed/stubs/babel" type="simple" />
            <root url="file://$APPLICATION_HOME_DIR$/plugins/python/helpers/typeshed/stubs/click" type="simple" />
            <root url="file://$APPLICATION_HOME_DIR$/plugins/python/helpers/typeshed/stubs/emoji" type="simple" />
            <root url="file://$APPLICATION_HOME_DIR$/plugins/python/helpers/typeshed/stubs/first" type="simple" />
            <root url="file://$APPLICATION_HOME_DIR$/plugins/python/helpers/typeshed/stubs/polib" type="simple" />
            <root url="file://$APPLICATION_HOME_DIR$/plugins/python/helpers/typeshed/stubs/redis" type="simple" />
            <root url="file://$APPLICATION_HOME_DIR$/plugins/python/helpers/typeshed/stubs/retry" type="simple" />
            <root url="file://$APPLICATION_HOME_DIR$/plugins/python/helpers/typeshed/stubs/ujson" type="simple" />
            <root url="file://$APPLICATION_HOME_DIR$/plugins/python/helpers/typeshed/stubs/Pillow" type="simple" />
            <root url="file://$APPLICATION_HOME_DIR$/plugins/python/helpers/typeshed/stubs/PyYAML" type="simple" />
            <root url="file://$APPLICATION_HOME_DIR$/plugins/python/helpers/typeshed/stubs/bleach" type="simple" />
            <root url="file://$APPLICATION_HOME_DIR$/plugins/python/helpers/typeshed/stubs/caldav" type="simple" />
            <root url="file://$APPLICATION_HOME_DIR$/plugins/python/helpers/typeshed/stubs/docopt" type="simple" />
            <root url="file://$APPLICATION_HOME_DIR$/plugins/python/helpers/typeshed/stubs/enum34" type="simple" />
            <root url="file://$APPLICATION_HOME_DIR$/plugins/python/helpers/typeshed/stubs/orjson" type="simple" />
            <root url="file://$APPLICATION_HOME_DIR$/plugins/python/helpers/typeshed/stubs/psutil" type="simple" />
            <root url="file://$APPLICATION_HOME_DIR$/plugins/python/helpers/typeshed/stubs/pycurl" type="simple" />
            <root url="file://$APPLICATION_HOME_DIR$/plugins/python/helpers/typeshed/stubs/pysftp" type="simple" />
            <root url="file://$APPLICATION_HOME_DIR$/plugins/python/helpers/typeshed/stubs/stripe" type="simple" />
            <root url="file://$APPLICATION_HOME_DIR$/plugins/python/helpers/typeshed/stubs/xxhash" type="simple" />
            <root url="file://$APPLICATION_HOME_DIR$/plugins/python/helpers/typeshed/stubs/PyMySQL" type="simple" />
            <root url="file://$APPLICATION_HOME_DIR$/plugins/python/helpers/typeshed/stubs/appdirs" type="simple" />
            <root url="file://$APPLICATION_HOME_DIR$/plugins/python/helpers/typeshed/stubs/certifi" type="simple" />
            <root url="file://$APPLICATION_HOME_DIR$/plugins/python/helpers/typeshed/stubs/chardet" type="simple" />
            <root url="file://$APPLICATION_HOME_DIR$/plugins/python/helpers/typeshed/stubs/futures" type="simple" />
            <root url="file://$APPLICATION_HOME_DIR$/plugins/python/helpers/typeshed/stubs/pyaudio" type="simple" />
            <root url="file://$APPLICATION_HOME_DIR$/plugins/python/helpers/typeshed/stubs/pyvmomi" type="simple" />
            <root url="file://$APPLICATION_HOME_DIR$/plugins/python/helpers/typeshed/stubs/slumber" type="simple" />
            <root url="file://$APPLICATION_HOME_DIR$/plugins/python/helpers/typeshed/stubs/tzlocal" type="simple" />
            <root url="file://$APPLICATION_HOME_DIR$/plugins/python/helpers/typeshed/stubs/vobject" type="simple" />
            <root url="file://$APPLICATION_HOME_DIR$/plugins/python/helpers/typeshed/stubs/Markdown" type="simple" />
            <root url="file://$APPLICATION_HOME_DIR$/plugins/python/helpers/typeshed/stubs/Pygments" type="simple" />
            <root url="file://$APPLICATION_HOME_DIR$/plugins/python/helpers/typeshed/stubs/Werkzeug" type="simple" />
            <root url="file://$APPLICATION_HOME_DIR$/plugins/python/helpers/typeshed/stubs/aiofiles" type="simple" />
            <root url="file://$APPLICATION_HOME_DIR$/plugins/python/helpers/typeshed/stubs/colorama" type="simple" />
            <root url="file://$APPLICATION_HOME_DIR$/plugins/python/helpers/typeshed/stubs/croniter" type="simple" />
            <root url="file://$APPLICATION_HOME_DIR$/plugins/python/helpers/typeshed/stubs/docutils" type="simple" />
            <root url="file://$APPLICATION_HOME_DIR$/plugins/python/helpers/typeshed/stubs/filelock" type="simple" />
            <root url="file://$APPLICATION_HOME_DIR$/plugins/python/helpers/typeshed/stubs/html5lib" type="simple" />
            <root url="file://$APPLICATION_HOME_DIR$/plugins/python/helpers/typeshed/stubs/httplib2" type="simple" />
            <root url="file://$APPLICATION_HOME_DIR$/plugins/python/helpers/typeshed/stubs/jmespath" type="simple" />
            <root url="file://$APPLICATION_HOME_DIR$/plugins/python/helpers/typeshed/stubs/oauthlib" type="simple" />
            <root url="file://$APPLICATION_HOME_DIR$/plugins/python/helpers/typeshed/stubs/paramiko" type="simple" />
            <root url="file://$APPLICATION_HOME_DIR$/plugins/python/helpers/typeshed/stubs/psycopg2" type="simple" />
            <root url="file://$APPLICATION_HOME_DIR$/plugins/python/helpers/typeshed/stubs/requests" type="simple" />
            <root url="file://$APPLICATION_HOME_DIR$/plugins/python/helpers/typeshed/stubs/selenium" type="simple" />
            <root url="file://$APPLICATION_HOME_DIR$/plugins/python/helpers/typeshed/stubs/tabulate" type="simple" />
            <root url="file://$APPLICATION_HOME_DIR$/plugins/python/helpers/typeshed/stubs/toposort" type="simple" />
            <root url="file://$APPLICATION_HOME_DIR$/plugins/python/helpers/typeshed/stubs/waitress" type="simple" />
            <root url="file://$APPLICATION_HOME_DIR$/plugins/python/helpers/typeshed/stubs/braintree" type="simple" />
            <root url="file://$APPLICATION_HOME_DIR$/plugins/python/helpers/typeshed/stubs/decorator" type="simple" />
            <root url="file://$APPLICATION_HOME_DIR$/plugins/python/helpers/typeshed/stubs/freezegun" type="simple" />
            <root url="file://$APPLICATION_HOME_DIR$/plugins/python/helpers/typeshed/stubs/ipaddress" type="simple" />
            <root url="file://$APPLICATION_HOME_DIR$/plugins/python/helpers/typeshed/stubs/pyOpenSSL" type="simple" />
            <root url="file://$APPLICATION_HOME_DIR$/plugins/python/helpers/typeshed/stubs/pyRFC3339" type="simple" />
            <root url="file://$APPLICATION_HOME_DIR$/plugins/python/helpers/typeshed/stubs/termcolor" type="simple" />
            <root url="file://$APPLICATION_HOME_DIR$/plugins/python/helpers/typeshed/stubs/ttkthemes" type="simple" />
            <root url="file://$APPLICATION_HOME_DIR$/plugins/python/helpers/typeshed/stubs/typed-ast" type="simple" />
            <root url="file://$APPLICATION_HOME_DIR$/plugins/python/helpers/typeshed/stubs/Deprecated" type="simple" />
            <root url="file://$APPLICATION_HOME_DIR$/plugins/python/helpers/typeshed/stubs/MarkupSafe" type="simple" />
            <root url="file://$APPLICATION_HOME_DIR$/plugins/python/helpers/typeshed/stubs/Send2Trash" type="simple" />
            <root url="file://$APPLICATION_HOME_DIR$/plugins/python/helpers/typeshed/stubs/cachetools" type="simple" />
            <root url="file://$APPLICATION_HOME_DIR$/plugins/python/helpers/typeshed/stubs/commonmark" type="simple" />
            <root url="file://$APPLICATION_HOME_DIR$/plugins/python/helpers/typeshed/stubs/dateparser" type="simple" />
            <root url="file://$APPLICATION_HOME_DIR$/plugins/python/helpers/typeshed/stubs/frozendict" type="simple" />
            <root url="file://$APPLICATION_HOME_DIR$/plugins/python/helpers/typeshed/stubs/jsonschema" type="simple" />
            <root url="file://$APPLICATION_HOME_DIR$/plugins/python/helpers/typeshed/stubs/pyfarmhash" type="simple" />
            <root url="file://$APPLICATION_HOME_DIR$/plugins/python/helpers/typeshed/stubs/setuptools" type="simple" />
            <root url="file://$APPLICATION_HOME_DIR$/plugins/python/helpers/typeshed/stubs/simplejson" type="simple" />
            <root url="file://$APPLICATION_HOME_DIR$/plugins/python/helpers/typeshed/stubs/JACK-Client" type="simple" />
            <root url="file://$APPLICATION_HOME_DIR$/plugins/python/helpers/typeshed/stubs/contextvars" type="simple" />
            <root url="file://$APPLICATION_HOME_DIR$/plugins/python/helpers/typeshed/stubs/dataclasses" type="simple" />
            <root url="file://$APPLICATION_HOME_DIR$/plugins/python/helpers/typeshed/stubs/entrypoints" type="simple" />
            <root url="file://$APPLICATION_HOME_DIR$/plugins/python/helpers/typeshed/stubs/mysqlclient" type="simple" />
            <root url="file://$APPLICATION_HOME_DIR$/plugins/python/helpers/typeshed/stubs/prettytable" type="simple" />
            <root url="file://$APPLICATION_HOME_DIR$/plugins/python/helpers/typeshed/stubs/python-nmap" type="simple" />
            <root url="file://$APPLICATION_HOME_DIR$/plugins/python/helpers/typeshed/stubs/atomicwrites" type="simple" />
            <root url="file://$APPLICATION_HOME_DIR$/plugins/python/helpers/typeshed/stubs/aws-xray-sdk" type="simple" />
            <root url="file://$APPLICATION_HOME_DIR$/plugins/python/helpers/typeshed/stubs/cryptography" type="simple" />
            <root url="file://$APPLICATION_HOME_DIR$/plugins/python/helpers/typeshed/stubs/editdistance" type="simple" />
            <root url="file://$APPLICATION_HOME_DIR$/plugins/python/helpers/typeshed/stubs/itsdangerous" type="simple" />
            <root url="file://$APPLICATION_HOME_DIR$/plugins/python/helpers/typeshed/stubs/DateTimeRange" type="simple" />
            <root url="file://$APPLICATION_HOME_DIR$/plugins/python/helpers/typeshed/stubs/backports_abc" type="simple" />
            <root url="file://$APPLICATION_HOME_DIR$/plugins/python/helpers/typeshed/stubs/click-spinner" type="simple" />
            <root url="file://$APPLICATION_HOME_DIR$/plugins/python/helpers/typeshed/stubs/humanfriendly" type="simple" />
            <root url="file://$APPLICATION_HOME_DIR$/plugins/python/helpers/typeshed/stubs/python-gflags" type="simple" />
            <root url="file://$APPLICATION_HOME_DIR$/plugins/python/helpers/typeshed/stubs/beautifulsoup4" type="simple" />
            <root url="file://$APPLICATION_HOME_DIR$/plugins/python/helpers/typeshed/stubs/characteristic" type="simple" />
            <root url="file://$APPLICATION_HOME_DIR$/plugins/python/helpers/typeshed/stubs/python-slugify" type="simple" />
            <root url="file://$APPLICATION_HOME_DIR$/plugins/python/helpers/typeshed/stubs/singledispatch" type="simple" />
            <root url="file://$APPLICATION_HOME_DIR$/plugins/python/helpers/typeshed/stubs/mypy-extensions" type="simple" />
            <root url="file://$APPLICATION_HOME_DIR$/plugins/python/helpers/typeshed/stubs/python-dateutil" type="simple" />
            <root url="file://$APPLICATION_HOME_DIR$/plugins/python/helpers/typeshed/stubs/pytest-lazy-fixture" type="simple" />
            <root url="file://$APPLICATION_HOME_DIR$/plugins/python/helpers/typeshed/stubs/backports.ssl_match_hostname" type="simple" />
          </root>
        </classPath>
        <sourcePath>
          <root type="composite" />
        </sourcePath>
      </roots>
      <additional ASSOCIATED_PROJECT_PATH="$USER_HOME$/PycharmProjects/esp_IR" />
    </jdk>
    <jdk version="2">
      <name value="Python 3.7 (pplcnt_model3.7)" />
      <type value="Python SDK" />
      <version value="Python 3.7.11" />
      <homePath value="$USER_HOME$/anaconda3/envs/pplcnt_model3.7/bin/python" />
      <roots>
        <classPath>
          <root type="composite">
            <root url="file://$USER_HOME$/GWT/gap_sdk/utils/gapy" type="simple" />
            <root url="file://$USER_HOME$/GWT/gap_sdk/utils/gap_configs/python" type="simple" />
            <root url="file://$USER_HOME$/GWT/gap_sdk/gvsoc/gvsoc/engine/python" type="simple" />
            <root url="file://$USER_HOME$/GWT/gap_sdk/gvsoc/gvsoc_gap/models" type="simple" />
            <root url="file://$USER_HOME$/GWT/gap_sdk/install/workstation/python" type="simple" />
            <root url="file://$USER_HOME$/anaconda3/envs/pplcnt_model3.7/lib/python3.7" type="simple" />
            <root url="file://$USER_HOME$/anaconda3/envs/pplcnt_model3.7/lib/python3.7/lib-dynload" type="simple" />
            <root url="file://$USER_HOME$/anaconda3/envs/pplcnt_model3.7/lib/python3.7/site-packages" type="simple" />
            <root url="file://$USER_HOME$/.cache/JetBrains/PyCharm2021.3/python_stubs/21008586" type="simple" />
            <root url="file://$APPLICATION_HOME_DIR$/plugins/python/helpers/python-skeletons" type="simple" />
            <root url="file://$APPLICATION_HOME_DIR$/plugins/python/helpers/typeshed/stdlib" type="simple" />
            <root url="file://$APPLICATION_HOME_DIR$/plugins/python/helpers/typeshed/stubs/six" type="simple" />
            <root url="file://$APPLICATION_HOME_DIR$/plugins/python/helpers/typeshed/stubs/boto" type="simple" />
            <root url="file://$APPLICATION_HOME_DIR$/plugins/python/helpers/typeshed/stubs/mock" type="simple" />
            <root url="file://$APPLICATION_HOME_DIR$/plugins/python/helpers/typeshed/stubs/pytz" type="simple" />
            <root url="file://$APPLICATION_HOME_DIR$/plugins/python/helpers/typeshed/stubs/toml" type="simple" />
            <root url="file://$APPLICATION_HOME_DIR$/plugins/python/helpers/typeshed/stubs/annoy" type="simple" />
            <root url="file://$APPLICATION_HOME_DIR$/plugins/python/helpers/typeshed/stubs/babel" type="simple" />
            <root url="file://$APPLICATION_HOME_DIR$/plugins/python/helpers/typeshed/stubs/click" type="simple" />
            <root url="file://$APPLICATION_HOME_DIR$/plugins/python/helpers/typeshed/stubs/emoji" type="simple" />
            <root url="file://$APPLICATION_HOME_DIR$/plugins/python/helpers/typeshed/stubs/first" type="simple" />
            <root url="file://$APPLICATION_HOME_DIR$/plugins/python/helpers/typeshed/stubs/polib" type="simple" />
            <root url="file://$APPLICATION_HOME_DIR$/plugins/python/helpers/typeshed/stubs/redis" type="simple" />
            <root url="file://$APPLICATION_HOME_DIR$/plugins/python/helpers/typeshed/stubs/retry" type="simple" />
            <root url="file://$APPLICATION_HOME_DIR$/plugins/python/helpers/typeshed/stubs/ujson" type="simple" />
            <root url="file://$APPLICATION_HOME_DIR$/plugins/python/helpers/typeshed/stubs/Pillow" type="simple" />
            <root url="file://$APPLICATION_HOME_DIR$/plugins/python/helpers/typeshed/stubs/PyYAML" type="simple" />
            <root url="file://$APPLICATION_HOME_DIR$/plugins/python/helpers/typeshed/stubs/bleach" type="simple" />
            <root url="file://$APPLICATION_HOME_DIR$/plugins/python/helpers/typeshed/stubs/caldav" type="simple" />
            <root url="file://$APPLICATION_HOME_DIR$/plugins/python/helpers/typeshed/stubs/docopt" type="simple" />
            <root url="file://$APPLICATION_HOME_DIR$/plugins/python/helpers/typeshed/stubs/enum34" type="simple" />
            <root url="file://$APPLICATION_HOME_DIR$/plugins/python/helpers/typeshed/stubs/orjson" type="simple" />
            <root url="file://$APPLICATION_HOME_DIR$/plugins/python/helpers/typeshed/stubs/psutil" type="simple" />
            <root url="file://$APPLICATION_HOME_DIR$/plugins/python/helpers/typeshed/stubs/pycurl" type="simple" />
            <root url="file://$APPLICATION_HOME_DIR$/plugins/python/helpers/typeshed/stubs/pysftp" type="simple" />
            <root url="file://$APPLICATION_HOME_DIR$/plugins/python/helpers/typeshed/stubs/stripe" type="simple" />
            <root url="file://$APPLICATION_HOME_DIR$/plugins/python/helpers/typeshed/stubs/xxhash" type="simple" />
            <root url="file://$APPLICATION_HOME_DIR$/plugins/python/helpers/typeshed/stubs/PyMySQL" type="simple" />
            <root url="file://$APPLICATION_HOME_DIR$/plugins/python/helpers/typeshed/stubs/appdirs" type="simple" />
            <root url="file://$APPLICATION_HOME_DIR$/plugins/python/helpers/typeshed/stubs/certifi" type="simple" />
            <root url="file://$APPLICATION_HOME_DIR$/plugins/python/helpers/typeshed/stubs/chardet" type="simple" />
            <root url="file://$APPLICATION_HOME_DIR$/plugins/python/helpers/typeshed/stubs/futures" type="simple" />
            <root url="file://$APPLICATION_HOME_DIR$/plugins/python/helpers/typeshed/stubs/pyaudio" type="simple" />
            <root url="file://$APPLICATION_HOME_DIR$/plugins/python/helpers/typeshed/stubs/pyvmomi" type="simple" />
            <root url="file://$APPLICATION_HOME_DIR$/plugins/python/helpers/typeshed/stubs/slumber" type="simple" />
            <root url="file://$APPLICATION_HOME_DIR$/plugins/python/helpers/typeshed/stubs/tzlocal" type="simple" />
            <root url="file://$APPLICATION_HOME_DIR$/plugins/python/helpers/typeshed/stubs/vobject" type="simple" />
            <root url="file://$APPLICATION_HOME_DIR$/plugins/python/helpers/typeshed/stubs/Markdown" type="simple" />
            <root url="file://$APPLICATION_HOME_DIR$/plugins/python/helpers/typeshed/stubs/Pygments" type="simple" />
            <root url="file://$APPLICATION_HOME_DIR$/plugins/python/helpers/typeshed/stubs/Werkzeug" type="simple" />
            <root url="file://$APPLICATION_HOME_DIR$/plugins/python/helpers/typeshed/stubs/aiofiles" type="simple" />
            <root url="file://$APPLICATION_HOME_DIR$/plugins/python/helpers/typeshed/stubs/colorama" type="simple" />
            <root url="file://$APPLICATION_HOME_DIR$/plugins/python/helpers/typeshed/stubs/croniter" type="simple" />
            <root url="file://$APPLICATION_HOME_DIR$/plugins/python/helpers/typeshed/stubs/docutils" type="simple" />
            <root url="file://$APPLICATION_HOME_DIR$/plugins/python/helpers/typeshed/stubs/filelock" type="simple" />
            <root url="file://$APPLICATION_HOME_DIR$/plugins/python/helpers/typeshed/stubs/html5lib" type="simple" />
            <root url="file://$APPLICATION_HOME_DIR$/plugins/python/helpers/typeshed/stubs/httplib2" type="simple" />
            <root url="file://$APPLICATION_HOME_DIR$/plugins/python/helpers/typeshed/stubs/jmespath" type="simple" />
            <root url="file://$APPLICATION_HOME_DIR$/plugins/python/helpers/typeshed/stubs/oauthlib" type="simple" />
            <root url="file://$APPLICATION_HOME_DIR$/plugins/python/helpers/typeshed/stubs/paramiko" type="simple" />
            <root url="file://$APPLICATION_HOME_DIR$/plugins/python/helpers/typeshed/stubs/psycopg2" type="simple" />
            <root url="file://$APPLICATION_HOME_DIR$/plugins/python/helpers/typeshed/stubs/requests" type="simple" />
            <root url="file://$APPLICATION_HOME_DIR$/plugins/python/helpers/typeshed/stubs/selenium" type="simple" />
            <root url="file://$APPLICATION_HOME_DIR$/plugins/python/helpers/typeshed/stubs/tabulate" type="simple" />
            <root url="file://$APPLICATION_HOME_DIR$/plugins/python/helpers/typeshed/stubs/toposort" type="simple" />
            <root url="file://$APPLICATION_HOME_DIR$/plugins/python/helpers/typeshed/stubs/waitress" type="simple" />
            <root url="file://$APPLICATION_HOME_DIR$/plugins/python/helpers/typeshed/stubs/braintree" type="simple" />
            <root url="file://$APPLICATION_HOME_DIR$/plugins/python/helpers/typeshed/stubs/decorator" type="simple" />
            <root url="file://$APPLICATION_HOME_DIR$/plugins/python/helpers/typeshed/stubs/freezegun" type="simple" />
            <root url="file://$APPLICATION_HOME_DIR$/plugins/python/helpers/typeshed/stubs/ipaddress" type="simple" />
            <root url="file://$APPLICATION_HOME_DIR$/plugins/python/helpers/typeshed/stubs/pyOpenSSL" type="simple" />
            <root url="file://$APPLICATION_HOME_DIR$/plugins/python/helpers/typeshed/stubs/pyRFC3339" type="simple" />
            <root url="file://$APPLICATION_HOME_DIR$/plugins/python/helpers/typeshed/stubs/termcolor" type="simple" />
            <root url="file://$APPLICATION_HOME_DIR$/plugins/python/helpers/typeshed/stubs/ttkthemes" type="simple" />
            <root url="file://$APPLICATION_HOME_DIR$/plugins/python/helpers/typeshed/stubs/typed-ast" type="simple" />
            <root url="file://$APPLICATION_HOME_DIR$/plugins/python/helpers/typeshed/stubs/Deprecated" type="simple" />
            <root url="file://$APPLICATION_HOME_DIR$/plugins/python/helpers/typeshed/stubs/MarkupSafe" type="simple" />
            <root url="file://$APPLICATION_HOME_DIR$/plugins/python/helpers/typeshed/stubs/Send2Trash" type="simple" />
            <root url="file://$APPLICATION_HOME_DIR$/plugins/python/helpers/typeshed/stubs/cachetools" type="simple" />
            <root url="file://$APPLICATION_HOME_DIR$/plugins/python/helpers/typeshed/stubs/commonmark" type="simple" />
            <root url="file://$APPLICATION_HOME_DIR$/plugins/python/helpers/typeshed/stubs/dateparser" type="simple" />
            <root url="file://$APPLICATION_HOME_DIR$/plugins/python/helpers/typeshed/stubs/frozendict" type="simple" />
            <root url="file://$APPLICATION_HOME_DIR$/plugins/python/helpers/typeshed/stubs/jsonschema" type="simple" />
            <root url="file://$APPLICATION_HOME_DIR$/plugins/python/helpers/typeshed/stubs/pyfarmhash" type="simple" />
            <root url="file://$APPLICATION_HOME_DIR$/plugins/python/helpers/typeshed/stubs/setuptools" type="simple" />
            <root url="file://$APPLICATION_HOME_DIR$/plugins/python/helpers/typeshed/stubs/simplejson" type="simple" />
            <root url="file://$APPLICATION_HOME_DIR$/plugins/python/helpers/typeshed/stubs/JACK-Client" type="simple" />
            <root url="file://$APPLICATION_HOME_DIR$/plugins/python/helpers/typeshed/stubs/contextvars" type="simple" />
            <root url="file://$APPLICATION_HOME_DIR$/plugins/python/helpers/typeshed/stubs/dataclasses" type="simple" />
            <root url="file://$APPLICATION_HOME_DIR$/plugins/python/helpers/typeshed/stubs/entrypoints" type="simple" />
            <root url="file://$APPLICATION_HOME_DIR$/plugins/python/helpers/typeshed/stubs/mysqlclient" type="simple" />
            <root url="file://$APPLICATION_HOME_DIR$/plugins/python/helpers/typeshed/stubs/prettytable" type="simple" />
            <root url="file://$APPLICATION_HOME_DIR$/plugins/python/helpers/typeshed/stubs/python-nmap" type="simple" />
            <root url="file://$APPLICATION_HOME_DIR$/plugins/python/helpers/typeshed/stubs/atomicwrites" type="simple" />
            <root url="file://$APPLICATION_HOME_DIR$/plugins/python/helpers/typeshed/stubs/aws-xray-sdk" type="simple" />
            <root url="file://$APPLICATION_HOME_DIR$/plugins/python/helpers/typeshed/stubs/cryptography" type="simple" />
            <root url="file://$APPLICATION_HOME_DIR$/plugins/python/helpers/typeshed/stubs/editdistance" type="simple" />
            <root url="file://$APPLICATION_HOME_DIR$/plugins/python/helpers/typeshed/stubs/itsdangerous" type="simple" />
            <root url="file://$APPLICATION_HOME_DIR$/plugins/python/helpers/typeshed/stubs/DateTimeRange" type="simple" />
            <root url="file://$APPLICATION_HOME_DIR$/plugins/python/helpers/typeshed/stubs/backports_abc" type="simple" />
            <root url="file://$APPLICATION_HOME_DIR$/plugins/python/helpers/typeshed/stubs/click-spinner" type="simple" />
            <root url="file://$APPLICATION_HOME_DIR$/plugins/python/helpers/typeshed/stubs/humanfriendly" type="simple" />
            <root url="file://$APPLICATION_HOME_DIR$/plugins/python/helpers/typeshed/stubs/python-gflags" type="simple" />
            <root url="file://$APPLICATION_HOME_DIR$/plugins/python/helpers/typeshed/stubs/beautifulsoup4" type="simple" />
            <root url="file://$APPLICATION_HOME_DIR$/plugins/python/helpers/typeshed/stubs/characteristic" type="simple" />
            <root url="file://$APPLICATION_HOME_DIR$/plugins/python/helpers/typeshed/stubs/python-slugify" type="simple" />
            <root url="file://$APPLICATION_HOME_DIR$/plugins/python/helpers/typeshed/stubs/singledispatch" type="simple" />
            <root url="file://$APPLICATION_HOME_DIR$/plugins/python/helpers/typeshed/stubs/mypy-extensions" type="simple" />
            <root url="file://$APPLICATION_HOME_DIR$/plugins/python/helpers/typeshed/stubs/python-dateutil" type="simple" />
            <root url="file://$APPLICATION_HOME_DIR$/plugins/python/helpers/typeshed/stubs/pytest-lazy-fixture" type="simple" />
            <root url="file://$APPLICATION_HOME_DIR$/plugins/python/helpers/typeshed/stubs/backports.ssl_match_hostname" type="simple" />
          </root>
        </classPath>
        <sourcePath>
          <root type="composite" />
        </sourcePath>
      </roots>
      <additional />
    </jdk>
    <jdk version="2">
      <name value="Python 3.8 (object-detection)" />
      <type value="Python SDK" />
      <version value="Python 3.8.10" />
      <homePath value="$USER_HOME$/MVPC10/CODE/object-detection/venv/bin/python" />
      <roots>
        <classPath>
          <root type="composite">
            <root url="file:///usr/lib/python3.8" type="simple" />
            <root url="file:///usr/lib/python3.8/lib-dynload" type="simple" />
            <root url="file://$USER_HOME$/MVPC10/CODE/object-detection/venv/lib/python3.8/site-packages" type="simple" />
            <root url="file://$USER_HOME$/.cache/JetBrains/PyCharm2021.3/python_stubs/605957640" type="simple" />
            <root url="file://$APPLICATION_HOME_DIR$/plugins/python/helpers/python-skeletons" type="simple" />
            <root url="file://$APPLICATION_HOME_DIR$/plugins/python/helpers/typeshed/stdlib" type="simple" />
            <root url="file://$APPLICATION_HOME_DIR$/plugins/python/helpers/typeshed/stubs/six" type="simple" />
            <root url="file://$APPLICATION_HOME_DIR$/plugins/python/helpers/typeshed/stubs/boto" type="simple" />
            <root url="file://$APPLICATION_HOME_DIR$/plugins/python/helpers/typeshed/stubs/mock" type="simple" />
            <root url="file://$APPLICATION_HOME_DIR$/plugins/python/helpers/typeshed/stubs/pytz" type="simple" />
            <root url="file://$APPLICATION_HOME_DIR$/plugins/python/helpers/typeshed/stubs/toml" type="simple" />
            <root url="file://$APPLICATION_HOME_DIR$/plugins/python/helpers/typeshed/stubs/annoy" type="simple" />
            <root url="file://$APPLICATION_HOME_DIR$/plugins/python/helpers/typeshed/stubs/babel" type="simple" />
            <root url="file://$APPLICATION_HOME_DIR$/plugins/python/helpers/typeshed/stubs/click" type="simple" />
            <root url="file://$APPLICATION_HOME_DIR$/plugins/python/helpers/typeshed/stubs/emoji" type="simple" />
            <root url="file://$APPLICATION_HOME_DIR$/plugins/python/helpers/typeshed/stubs/first" type="simple" />
            <root url="file://$APPLICATION_HOME_DIR$/plugins/python/helpers/typeshed/stubs/polib" type="simple" />
            <root url="file://$APPLICATION_HOME_DIR$/plugins/python/helpers/typeshed/stubs/redis" type="simple" />
            <root url="file://$APPLICATION_HOME_DIR$/plugins/python/helpers/typeshed/stubs/retry" type="simple" />
            <root url="file://$APPLICATION_HOME_DIR$/plugins/python/helpers/typeshed/stubs/ujson" type="simple" />
            <root url="file://$APPLICATION_HOME_DIR$/plugins/python/helpers/typeshed/stubs/Pillow" type="simple" />
            <root url="file://$APPLICATION_HOME_DIR$/plugins/python/helpers/typeshed/stubs/PyYAML" type="simple" />
            <root url="file://$APPLICATION_HOME_DIR$/plugins/python/helpers/typeshed/stubs/bleach" type="simple" />
            <root url="file://$APPLICATION_HOME_DIR$/plugins/python/helpers/typeshed/stubs/caldav" type="simple" />
            <root url="file://$APPLICATION_HOME_DIR$/plugins/python/helpers/typeshed/stubs/docopt" type="simple" />
            <root url="file://$APPLICATION_HOME_DIR$/plugins/python/helpers/typeshed/stubs/enum34" type="simple" />
            <root url="file://$APPLICATION_HOME_DIR$/plugins/python/helpers/typeshed/stubs/orjson" type="simple" />
            <root url="file://$APPLICATION_HOME_DIR$/plugins/python/helpers/typeshed/stubs/psutil" type="simple" />
            <root url="file://$APPLICATION_HOME_DIR$/plugins/python/helpers/typeshed/stubs/pycurl" type="simple" />
            <root url="file://$APPLICATION_HOME_DIR$/plugins/python/helpers/typeshed/stubs/pysftp" type="simple" />
            <root url="file://$APPLICATION_HOME_DIR$/plugins/python/helpers/typeshed/stubs/stripe" type="simple" />
            <root url="file://$APPLICATION_HOME_DIR$/plugins/python/helpers/typeshed/stubs/xxhash" type="simple" />
            <root url="file://$APPLICATION_HOME_DIR$/plugins/python/helpers/typeshed/stubs/PyMySQL" type="simple" />
            <root url="file://$APPLICATION_HOME_DIR$/plugins/python/helpers/typeshed/stubs/appdirs" type="simple" />
            <root url="file://$APPLICATION_HOME_DIR$/plugins/python/helpers/typeshed/stubs/certifi" type="simple" />
            <root url="file://$APPLICATION_HOME_DIR$/plugins/python/helpers/typeshed/stubs/chardet" type="simple" />
            <root url="file://$APPLICATION_HOME_DIR$/plugins/python/helpers/typeshed/stubs/futures" type="simple" />
            <root url="file://$APPLICATION_HOME_DIR$/plugins/python/helpers/typeshed/stubs/pyaudio" type="simple" />
            <root url="file://$APPLICATION_HOME_DIR$/plugins/python/helpers/typeshed/stubs/pyvmomi" type="simple" />
            <root url="file://$APPLICATION_HOME_DIR$/plugins/python/helpers/typeshed/stubs/slumber" type="simple" />
            <root url="file://$APPLICATION_HOME_DIR$/plugins/python/helpers/typeshed/stubs/tzlocal" type="simple" />
            <root url="file://$APPLICATION_HOME_DIR$/plugins/python/helpers/typeshed/stubs/vobject" type="simple" />
            <root url="file://$APPLICATION_HOME_DIR$/plugins/python/helpers/typeshed/stubs/Markdown" type="simple" />
            <root url="file://$APPLICATION_HOME_DIR$/plugins/python/helpers/typeshed/stubs/Pygments" type="simple" />
            <root url="file://$APPLICATION_HOME_DIR$/plugins/python/helpers/typeshed/stubs/Werkzeug" type="simple" />
            <root url="file://$APPLICATION_HOME_DIR$/plugins/python/helpers/typeshed/stubs/aiofiles" type="simple" />
            <root url="file://$APPLICATION_HOME_DIR$/plugins/python/helpers/typeshed/stubs/colorama" type="simple" />
            <root url="file://$APPLICATION_HOME_DIR$/plugins/python/helpers/typeshed/stubs/croniter" type="simple" />
            <root url="file://$APPLICATION_HOME_DIR$/plugins/python/helpers/typeshed/stubs/docutils" type="simple" />
            <root url="file://$APPLICATION_HOME_DIR$/plugins/python/helpers/typeshed/stubs/filelock" type="simple" />
            <root url="file://$APPLICATION_HOME_DIR$/plugins/python/helpers/typeshed/stubs/html5lib" type="simple" />
            <root url="file://$APPLICATION_HOME_DIR$/plugins/python/helpers/typeshed/stubs/httplib2" type="simple" />
            <root url="file://$APPLICATION_HOME_DIR$/plugins/python/helpers/typeshed/stubs/jmespath" type="simple" />
            <root url="file://$APPLICATION_HOME_DIR$/plugins/python/helpers/typeshed/stubs/oauthlib" type="simple" />
            <root url="file://$APPLICATION_HOME_DIR$/plugins/python/helpers/typeshed/stubs/paramiko" type="simple" />
            <root url="file://$APPLICATION_HOME_DIR$/plugins/python/helpers/typeshed/stubs/psycopg2" type="simple" />
            <root url="file://$APPLICATION_HOME_DIR$/plugins/python/helpers/typeshed/stubs/requests" type="simple" />
            <root url="file://$APPLICATION_HOME_DIR$/plugins/python/helpers/typeshed/stubs/selenium" type="simple" />
            <root url="file://$APPLICATION_HOME_DIR$/plugins/python/helpers/typeshed/stubs/tabulate" type="simple" />
            <root url="file://$APPLICATION_HOME_DIR$/plugins/python/helpers/typeshed/stubs/toposort" type="simple" />
            <root url="file://$APPLICATION_HOME_DIR$/plugins/python/helpers/typeshed/stubs/waitress" type="simple" />
            <root url="file://$APPLICATION_HOME_DIR$/plugins/python/helpers/typeshed/stubs/braintree" type="simple" />
            <root url="file://$APPLICATION_HOME_DIR$/plugins/python/helpers/typeshed/stubs/decorator" type="simple" />
            <root url="file://$APPLICATION_HOME_DIR$/plugins/python/helpers/typeshed/stubs/freezegun" type="simple" />
            <root url="file://$APPLICATION_HOME_DIR$/plugins/python/helpers/typeshed/stubs/ipaddress" type="simple" />
            <root url="file://$APPLICATION_HOME_DIR$/plugins/python/helpers/typeshed/stubs/pyOpenSSL" type="simple" />
            <root url="file://$APPLICATION_HOME_DIR$/plugins/python/helpers/typeshed/stubs/pyRFC3339" type="simple" />
            <root url="file://$APPLICATION_HOME_DIR$/plugins/python/helpers/typeshed/stubs/termcolor" type="simple" />
            <root url="file://$APPLICATION_HOME_DIR$/plugins/python/helpers/typeshed/stubs/ttkthemes" type="simple" />
            <root url="file://$APPLICATION_HOME_DIR$/plugins/python/helpers/typeshed/stubs/typed-ast" type="simple" />
            <root url="file://$APPLICATION_HOME_DIR$/plugins/python/helpers/typeshed/stubs/Deprecated" type="simple" />
            <root url="file://$APPLICATION_HOME_DIR$/plugins/python/helpers/typeshed/stubs/MarkupSafe" type="simple" />
            <root url="file://$APPLICATION_HOME_DIR$/plugins/python/helpers/typeshed/stubs/Send2Trash" type="simple" />
            <root url="file://$APPLICATION_HOME_DIR$/plugins/python/helpers/typeshed/stubs/cachetools" type="simple" />
            <root url="file://$APPLICATION_HOME_DIR$/plugins/python/helpers/typeshed/stubs/commonmark" type="simple" />
            <root url="file://$APPLICATION_HOME_DIR$/plugins/python/helpers/typeshed/stubs/dateparser" type="simple" />
            <root url="file://$APPLICATION_HOME_DIR$/plugins/python/helpers/typeshed/stubs/frozendict" type="simple" />
            <root url="file://$APPLICATION_HOME_DIR$/plugins/python/helpers/typeshed/stubs/jsonschema" type="simple" />
            <root url="file://$APPLICATION_HOME_DIR$/plugins/python/helpers/typeshed/stubs/pyfarmhash" type="simple" />
            <root url="file://$APPLICATION_HOME_DIR$/plugins/python/helpers/typeshed/stubs/setuptools" type="simple" />
            <root url="file://$APPLICATION_HOME_DIR$/plugins/python/helpers/typeshed/stubs/simplejson" type="simple" />
            <root url="file://$APPLICATION_HOME_DIR$/plugins/python/helpers/typeshed/stubs/JACK-Client" type="simple" />
            <root url="file://$APPLICATION_HOME_DIR$/plugins/python/helpers/typeshed/stubs/contextvars" type="simple" />
            <root url="file://$APPLICATION_HOME_DIR$/plugins/python/helpers/typeshed/stubs/dataclasses" type="simple" />
            <root url="file://$APPLICATION_HOME_DIR$/plugins/python/helpers/typeshed/stubs/entrypoints" type="simple" />
            <root url="file://$APPLICATION_HOME_DIR$/plugins/python/helpers/typeshed/stubs/mysqlclient" type="simple" />
            <root url="file://$APPLICATION_HOME_DIR$/plugins/python/helpers/typeshed/stubs/prettytable" type="simple" />
            <root url="file://$APPLICATION_HOME_DIR$/plugins/python/helpers/typeshed/stubs/python-nmap" type="simple" />
            <root url="file://$APPLICATION_HOME_DIR$/plugins/python/helpers/typeshed/stubs/atomicwrites" type="simple" />
            <root url="file://$APPLICATION_HOME_DIR$/plugins/python/helpers/typeshed/stubs/aws-xray-sdk" type="simple" />
            <root url="file://$APPLICATION_HOME_DIR$/plugins/python/helpers/typeshed/stubs/cryptography" type="simple" />
            <root url="file://$APPLICATION_HOME_DIR$/plugins/python/helpers/typeshed/stubs/editdistance" type="simple" />
            <root url="file://$APPLICATION_HOME_DIR$/plugins/python/helpers/typeshed/stubs/itsdangerous" type="simple" />
            <root url="file://$APPLICATION_HOME_DIR$/plugins/python/helpers/typeshed/stubs/DateTimeRange" type="simple" />
            <root url="file://$APPLICATION_HOME_DIR$/plugins/python/helpers/typeshed/stubs/backports_abc" type="simple" />
            <root url="file://$APPLICATION_HOME_DIR$/plugins/python/helpers/typeshed/stubs/click-spinner" type="simple" />
            <root url="file://$APPLICATION_HOME_DIR$/plugins/python/helpers/typeshed/stubs/humanfriendly" type="simple" />
            <root url="file://$APPLICATION_HOME_DIR$/plugins/python/helpers/typeshed/stubs/python-gflags" type="simple" />
            <root url="file://$APPLICATION_HOME_DIR$/plugins/python/helpers/typeshed/stubs/beautifulsoup4" type="simple" />
            <root url="file://$APPLICATION_HOME_DIR$/plugins/python/helpers/typeshed/stubs/characteristic" type="simple" />
            <root url="file://$APPLICATION_HOME_DIR$/plugins/python/helpers/typeshed/stubs/python-slugify" type="simple" />
            <root url="file://$APPLICATION_HOME_DIR$/plugins/python/helpers/typeshed/stubs/singledispatch" type="simple" />
            <root url="file://$APPLICATION_HOME_DIR$/plugins/python/helpers/typeshed/stubs/mypy-extensions" type="simple" />
            <root url="file://$APPLICATION_HOME_DIR$/plugins/python/helpers/typeshed/stubs/python-dateutil" type="simple" />
            <root url="file://$APPLICATION_HOME_DIR$/plugins/python/helpers/typeshed/stubs/pytest-lazy-fixture" type="simple" />
            <root url="file://$APPLICATION_HOME_DIR$/plugins/python/helpers/typeshed/stubs/backports.ssl_match_hostname" type="simple" />
          </root>
        </classPath>
        <sourcePath>
          <root type="composite" />
        </sourcePath>
      </roots>
      <additional ASSOCIATED_PROJECT_PATH="$USER_HOME$/MVPC10/CODE/object-detection" />
    </jdk>
    <jdk version="2">
      <name value="Python 3.8" />
      <type value="Python SDK" />
      <version value="Python 3.8.10" />
      <homePath value="/usr/bin/python3.8" />
      <roots>
        <classPath>
          <root type="composite">
            <root url="file:///usr/lib/python3.8" type="simple" />
            <root url="file:///usr/lib/python3.8/lib-dynload" type="simple" />
            <root url="file://$USER_HOME$/.local/lib/python3.8/site-packages" type="simple" />
            <root url="file:///usr/local/lib/python3.8/dist-packages" type="simple" />
            <root url="file:///usr/lib/python3/dist-packages" type="simple" />
            <root url="jar:///opt/carla-simulator/PythonAPI/carla/dist/carla-0.9.13-py3.7-linux-x86_64.egg!/" type="simple" />
            <root url="file:///opt/carla-simulator/PythonAPI/carla" type="simple" />
            <root url="file://$USER_HOME$/.cache/JetBrains/PyCharm2021.3/python_stubs/-1247971761" type="simple" />
            <root url="file://$APPLICATION_HOME_DIR$/plugins/python/helpers/python-skeletons" type="simple" />
            <root url="file://$APPLICATION_HOME_DIR$/plugins/python/helpers/typeshed/stdlib" type="simple" />
            <root url="file://$APPLICATION_HOME_DIR$/plugins/python/helpers/typeshed/stubs/six" type="simple" />
            <root url="file://$APPLICATION_HOME_DIR$/plugins/python/helpers/typeshed/stubs/boto" type="simple" />
            <root url="file://$APPLICATION_HOME_DIR$/plugins/python/helpers/typeshed/stubs/mock" type="simple" />
            <root url="file://$APPLICATION_HOME_DIR$/plugins/python/helpers/typeshed/stubs/pytz" type="simple" />
            <root url="file://$APPLICATION_HOME_DIR$/plugins/python/helpers/typeshed/stubs/toml" type="simple" />
            <root url="file://$APPLICATION_HOME_DIR$/plugins/python/helpers/typeshed/stubs/annoy" type="simple" />
            <root url="file://$APPLICATION_HOME_DIR$/plugins/python/helpers/typeshed/stubs/babel" type="simple" />
            <root url="file://$APPLICATION_HOME_DIR$/plugins/python/helpers/typeshed/stubs/click" type="simple" />
            <root url="file://$APPLICATION_HOME_DIR$/plugins/python/helpers/typeshed/stubs/emoji" type="simple" />
            <root url="file://$APPLICATION_HOME_DIR$/plugins/python/helpers/typeshed/stubs/first" type="simple" />
            <root url="file://$APPLICATION_HOME_DIR$/plugins/python/helpers/typeshed/stubs/polib" type="simple" />
            <root url="file://$APPLICATION_HOME_DIR$/plugins/python/helpers/typeshed/stubs/redis" type="simple" />
            <root url="file://$APPLICATION_HOME_DIR$/plugins/python/helpers/typeshed/stubs/retry" type="simple" />
            <root url="file://$APPLICATION_HOME_DIR$/plugins/python/helpers/typeshed/stubs/ujson" type="simple" />
            <root url="file://$APPLICATION_HOME_DIR$/plugins/python/helpers/typeshed/stubs/Pillow" type="simple" />
            <root url="file://$APPLICATION_HOME_DIR$/plugins/python/helpers/typeshed/stubs/PyYAML" type="simple" />
            <root url="file://$APPLICATION_HOME_DIR$/plugins/python/helpers/typeshed/stubs/bleach" type="simple" />
            <root url="file://$APPLICATION_HOME_DIR$/plugins/python/helpers/typeshed/stubs/caldav" type="simple" />
            <root url="file://$APPLICATION_HOME_DIR$/plugins/python/helpers/typeshed/stubs/docopt" type="simple" />
            <root url="file://$APPLICATION_HOME_DIR$/plugins/python/helpers/typeshed/stubs/enum34" type="simple" />
            <root url="file://$APPLICATION_HOME_DIR$/plugins/python/helpers/typeshed/stubs/orjson" type="simple" />
            <root url="file://$APPLICATION_HOME_DIR$/plugins/python/helpers/typeshed/stubs/psutil" type="simple" />
            <root url="file://$APPLICATION_HOME_DIR$/plugins/python/helpers/typeshed/stubs/pycurl" type="simple" />
            <root url="file://$APPLICATION_HOME_DIR$/plugins/python/helpers/typeshed/stubs/pysftp" type="simple" />
            <root url="file://$APPLICATION_HOME_DIR$/plugins/python/helpers/typeshed/stubs/stripe" type="simple" />
            <root url="file://$APPLICATION_HOME_DIR$/plugins/python/helpers/typeshed/stubs/xxhash" type="simple" />
            <root url="file://$APPLICATION_HOME_DIR$/plugins/python/helpers/typeshed/stubs/PyMySQL" type="simple" />
            <root url="file://$APPLICATION_HOME_DIR$/plugins/python/helpers/typeshed/stubs/appdirs" type="simple" />
            <root url="file://$APPLICATION_HOME_DIR$/plugins/python/helpers/typeshed/stubs/certifi" type="simple" />
            <root url="file://$APPLICATION_HOME_DIR$/plugins/python/helpers/typeshed/stubs/chardet" type="simple" />
            <root url="file://$APPLICATION_HOME_DIR$/plugins/python/helpers/typeshed/stubs/futures" type="simple" />
            <root url="file://$APPLICATION_HOME_DIR$/plugins/python/helpers/typeshed/stubs/pyaudio" type="simple" />
            <root url="file://$APPLICATION_HOME_DIR$/plugins/python/helpers/typeshed/stubs/pyvmomi" type="simple" />
            <root url="file://$APPLICATION_HOME_DIR$/plugins/python/helpers/typeshed/stubs/slumber" type="simple" />
            <root url="file://$APPLICATION_HOME_DIR$/plugins/python/helpers/typeshed/stubs/tzlocal" type="simple" />
            <root url="file://$APPLICATION_HOME_DIR$/plugins/python/helpers/typeshed/stubs/vobject" type="simple" />
            <root url="file://$APPLICATION_HOME_DIR$/plugins/python/helpers/typeshed/stubs/Markdown" type="simple" />
            <root url="file://$APPLICATION_HOME_DIR$/plugins/python/helpers/typeshed/stubs/Pygments" type="simple" />
            <root url="file://$APPLICATION_HOME_DIR$/plugins/python/helpers/typeshed/stubs/Werkzeug" type="simple" />
            <root url="file://$APPLICATION_HOME_DIR$/plugins/python/helpers/typeshed/stubs/aiofiles" type="simple" />
            <root url="file://$APPLICATION_HOME_DIR$/plugins/python/helpers/typeshed/stubs/colorama" type="simple" />
            <root url="file://$APPLICATION_HOME_DIR$/plugins/python/helpers/typeshed/stubs/croniter" type="simple" />
            <root url="file://$APPLICATION_HOME_DIR$/plugins/python/helpers/typeshed/stubs/docutils" type="simple" />
            <root url="file://$APPLICATION_HOME_DIR$/plugins/python/helpers/typeshed/stubs/filelock" type="simple" />
            <root url="file://$APPLICATION_HOME_DIR$/plugins/python/helpers/typeshed/stubs/html5lib" type="simple" />
            <root url="file://$APPLICATION_HOME_DIR$/plugins/python/helpers/typeshed/stubs/httplib2" type="simple" />
            <root url="file://$APPLICATION_HOME_DIR$/plugins/python/helpers/typeshed/stubs/jmespath" type="simple" />
            <root url="file://$APPLICATION_HOME_DIR$/plugins/python/helpers/typeshed/stubs/oauthlib" type="simple" />
            <root url="file://$APPLICATION_HOME_DIR$/plugins/python/helpers/typeshed/stubs/paramiko" type="simple" />
            <root url="file://$APPLICATION_HOME_DIR$/plugins/python/helpers/typeshed/stubs/psycopg2" type="simple" />
            <root url="file://$APPLICATION_HOME_DIR$/plugins/python/helpers/typeshed/stubs/requests" type="simple" />
            <root url="file://$APPLICATION_HOME_DIR$/plugins/python/helpers/typeshed/stubs/selenium" type="simple" />
            <root url="file://$APPLICATION_HOME_DIR$/plugins/python/helpers/typeshed/stubs/tabulate" type="simple" />
            <root url="file://$APPLICATION_HOME_DIR$/plugins/python/helpers/typeshed/stubs/toposort" type="simple" />
            <root url="file://$APPLICATION_HOME_DIR$/plugins/python/helpers/typeshed/stubs/waitress" type="simple" />
            <root url="file://$APPLICATION_HOME_DIR$/plugins/python/helpers/typeshed/stubs/braintree" type="simple" />
            <root url="file://$APPLICATION_HOME_DIR$/plugins/python/helpers/typeshed/stubs/decorator" type="simple" />
            <root url="file://$APPLICATION_HOME_DIR$/plugins/python/helpers/typeshed/stubs/freezegun" type="simple" />
            <root url="file://$APPLICATION_HOME_DIR$/plugins/python/helpers/typeshed/stubs/ipaddress" type="simple" />
            <root url="file://$APPLICATION_HOME_DIR$/plugins/python/helpers/typeshed/stubs/pyOpenSSL" type="simple" />
            <root url="file://$APPLICATION_HOME_DIR$/plugins/python/helpers/typeshed/stubs/pyRFC3339" type="simple" />
            <root url="file://$APPLICATION_HOME_DIR$/plugins/python/helpers/typeshed/stubs/termcolor" type="simple" />
            <root url="file://$APPLICATION_HOME_DIR$/plugins/python/helpers/typeshed/stubs/ttkthemes" type="simple" />
            <root url="file://$APPLICATION_HOME_DIR$/plugins/python/helpers/typeshed/stubs/typed-ast" type="simple" />
            <root url="file://$APPLICATION_HOME_DIR$/plugins/python/helpers/typeshed/stubs/Deprecated" type="simple" />
            <root url="file://$APPLICATION_HOME_DIR$/plugins/python/helpers/typeshed/stubs/MarkupSafe" type="simple" />
            <root url="file://$APPLICATION_HOME_DIR$/plugins/python/helpers/typeshed/stubs/Send2Trash" type="simple" />
            <root url="file://$APPLICATION_HOME_DIR$/plugins/python/helpers/typeshed/stubs/cachetools" type="simple" />
            <root url="file://$APPLICATION_HOME_DIR$/plugins/python/helpers/typeshed/stubs/commonmark" type="simple" />
            <root url="file://$APPLICATION_HOME_DIR$/plugins/python/helpers/typeshed/stubs/dateparser" type="simple" />
            <root url="file://$APPLICATION_HOME_DIR$/plugins/python/helpers/typeshed/stubs/frozendict" type="simple" />
            <root url="file://$APPLICATION_HOME_DIR$/plugins/python/helpers/typeshed/stubs/jsonschema" type="simple" />
            <root url="file://$APPLICATION_HOME_DIR$/plugins/python/helpers/typeshed/stubs/pyfarmhash" type="simple" />
            <root url="file://$APPLICATION_HOME_DIR$/plugins/python/helpers/typeshed/stubs/setuptools" type="simple" />
            <root url="file://$APPLICATION_HOME_DIR$/plugins/python/helpers/typeshed/stubs/simplejson" type="simple" />
            <root url="file://$APPLICATION_HOME_DIR$/plugins/python/helpers/typeshed/stubs/JACK-Client" type="simple" />
            <root url="file://$APPLICATION_HOME_DIR$/plugins/python/helpers/typeshed/stubs/contextvars" type="simple" />
            <root url="file://$APPLICATION_HOME_DIR$/plugins/python/helpers/typeshed/stubs/dataclasses" type="simple" />
            <root url="file://$APPLICATION_HOME_DIR$/plugins/python/helpers/typeshed/stubs/entrypoints" type="simple" />
            <root url="file://$APPLICATION_HOME_DIR$/plugins/python/helpers/typeshed/stubs/mysqlclient" type="simple" />
            <root url="file://$APPLICATION_HOME_DIR$/plugins/python/helpers/typeshed/stubs/prettytable" type="simple" />
            <root url="file://$APPLICATION_HOME_DIR$/plugins/python/helpers/typeshed/stubs/python-nmap" type="simple" />
            <root url="file://$APPLICATION_HOME_DIR$/plugins/python/helpers/typeshed/stubs/atomicwrites" type="simple" />
            <root url="file://$APPLICATION_HOME_DIR$/plugins/python/helpers/typeshed/stubs/aws-xray-sdk" type="simple" />
            <root url="file://$APPLICATION_HOME_DIR$/plugins/python/helpers/typeshed/stubs/cryptography" type="simple" />
            <root url="file://$APPLICATION_HOME_DIR$/plugins/python/helpers/typeshed/stubs/editdistance" type="simple" />
            <root url="file://$APPLICATION_HOME_DIR$/plugins/python/helpers/typeshed/stubs/itsdangerous" type="simple" />
            <root url="file://$APPLICATION_HOME_DIR$/plugins/python/helpers/typeshed/stubs/DateTimeRange" type="simple" />
            <root url="file://$APPLICATION_HOME_DIR$/plugins/python/helpers/typeshed/stubs/backports_abc" type="simple" />
            <root url="file://$APPLICATION_HOME_DIR$/plugins/python/helpers/typeshed/stubs/click-spinner" type="simple" />
            <root url="file://$APPLICATION_HOME_DIR$/plugins/python/helpers/typeshed/stubs/humanfriendly" type="simple" />
            <root url="file://$APPLICATION_HOME_DIR$/plugins/python/helpers/typeshed/stubs/python-gflags" type="simple" />
            <root url="file://$APPLICATION_HOME_DIR$/plugins/python/helpers/typeshed/stubs/beautifulsoup4" type="simple" />
            <root url="file://$APPLICATION_HOME_DIR$/plugins/python/helpers/typeshed/stubs/characteristic" type="simple" />
            <root url="file://$APPLICATION_HOME_DIR$/plugins/python/helpers/typeshed/stubs/python-slugify" type="simple" />
            <root url="file://$APPLICATION_HOME_DIR$/plugins/python/helpers/typeshed/stubs/singledispatch" type="simple" />
            <root url="file://$APPLICATION_HOME_DIR$/plugins/python/helpers/typeshed/stubs/mypy-extensions" type="simple" />
            <root url="file://$APPLICATION_HOME_DIR$/plugins/python/helpers/typeshed/stubs/python-dateutil" type="simple" />
            <root url="file://$APPLICATION_HOME_DIR$/plugins/python/helpers/typeshed/stubs/pytest-lazy-fixture" type="simple" />
            <root url="file://$APPLICATION_HOME_DIR$/plugins/python/helpers/typeshed/stubs/backports.ssl_match_hostname" type="simple" />
          </root>
        </classPath>
        <sourcePath>
          <root type="composite" />
        </sourcePath>
      </roots>
      <additional />
    </jdk>
    <jdk version="2">
      <name value="Python 3.8 (venv)" />
      <type value="Python SDK" />
      <version value="Python 3.8.10" />
      <homePath value="$USER_HOME$/MVPC10/CODE/yolov3-tf2/venv/bin/python" />
      <roots>
        <classPath>
          <root type="composite">
            <root url="file:///usr/lib/python3.8" type="simple" />
            <root url="file:///usr/lib/python3.8/lib-dynload" type="simple" />
            <root url="file://$USER_HOME$/MVPC10/CODE/yolov3-tf2/venv/lib/python3.8/site-packages" type="simple" />
            <root url="file://$USER_HOME$/.local/lib/python3.8/site-packages" type="simple" />
            <root url="file:///usr/local/lib/python3.8/dist-packages" type="simple" />
            <root url="file:///usr/lib/python3/dist-packages" type="simple" />
            <root url="jar:///opt/carla-simulator/PythonAPI/carla/dist/carla-0.9.13-py3.7-linux-x86_64.egg!/" type="simple" />
            <root url="file:///opt/carla-simulator/PythonAPI/carla" type="simple" />
            <root url="file://$USER_HOME$/.cache/JetBrains/PyCharm2021.3/python_stubs/-1747481446" type="simple" />
            <root url="file://$APPLICATION_HOME_DIR$/plugins/python/helpers/python-skeletons" type="simple" />
            <root url="file://$APPLICATION_HOME_DIR$/plugins/python/helpers/typeshed/stdlib" type="simple" />
            <root url="file://$APPLICATION_HOME_DIR$/plugins/python/helpers/typeshed/stubs/six" type="simple" />
            <root url="file://$APPLICATION_HOME_DIR$/plugins/python/helpers/typeshed/stubs/boto" type="simple" />
            <root url="file://$APPLICATION_HOME_DIR$/plugins/python/helpers/typeshed/stubs/mock" type="simple" />
            <root url="file://$APPLICATION_HOME_DIR$/plugins/python/helpers/typeshed/stubs/pytz" type="simple" />
            <root url="file://$APPLICATION_HOME_DIR$/plugins/python/helpers/typeshed/stubs/toml" type="simple" />
            <root url="file://$APPLICATION_HOME_DIR$/plugins/python/helpers/typeshed/stubs/annoy" type="simple" />
            <root url="file://$APPLICATION_HOME_DIR$/plugins/python/helpers/typeshed/stubs/babel" type="simple" />
            <root url="file://$APPLICATION_HOME_DIR$/plugins/python/helpers/typeshed/stubs/click" type="simple" />
            <root url="file://$APPLICATION_HOME_DIR$/plugins/python/helpers/typeshed/stubs/emoji" type="simple" />
            <root url="file://$APPLICATION_HOME_DIR$/plugins/python/helpers/typeshed/stubs/first" type="simple" />
            <root url="file://$APPLICATION_HOME_DIR$/plugins/python/helpers/typeshed/stubs/polib" type="simple" />
            <root url="file://$APPLICATION_HOME_DIR$/plugins/python/helpers/typeshed/stubs/redis" type="simple" />
            <root url="file://$APPLICATION_HOME_DIR$/plugins/python/helpers/typeshed/stubs/retry" type="simple" />
            <root url="file://$APPLICATION_HOME_DIR$/plugins/python/helpers/typeshed/stubs/ujson" type="simple" />
            <root url="file://$APPLICATION_HOME_DIR$/plugins/python/helpers/typeshed/stubs/Pillow" type="simple" />
            <root url="file://$APPLICATION_HOME_DIR$/plugins/python/helpers/typeshed/stubs/PyYAML" type="simple" />
            <root url="file://$APPLICATION_HOME_DIR$/plugins/python/helpers/typeshed/stubs/bleach" type="simple" />
            <root url="file://$APPLICATION_HOME_DIR$/plugins/python/helpers/typeshed/stubs/caldav" type="simple" />
            <root url="file://$APPLICATION_HOME_DIR$/plugins/python/helpers/typeshed/stubs/docopt" type="simple" />
            <root url="file://$APPLICATION_HOME_DIR$/plugins/python/helpers/typeshed/stubs/enum34" type="simple" />
            <root url="file://$APPLICATION_HOME_DIR$/plugins/python/helpers/typeshed/stubs/orjson" type="simple" />
            <root url="file://$APPLICATION_HOME_DIR$/plugins/python/helpers/typeshed/stubs/psutil" type="simple" />
            <root url="file://$APPLICATION_HOME_DIR$/plugins/python/helpers/typeshed/stubs/pycurl" type="simple" />
            <root url="file://$APPLICATION_HOME_DIR$/plugins/python/helpers/typeshed/stubs/pysftp" type="simple" />
            <root url="file://$APPLICATION_HOME_DIR$/plugins/python/helpers/typeshed/stubs/stripe" type="simple" />
            <root url="file://$APPLICATION_HOME_DIR$/plugins/python/helpers/typeshed/stubs/xxhash" type="simple" />
            <root url="file://$APPLICATION_HOME_DIR$/plugins/python/helpers/typeshed/stubs/PyMySQL" type="simple" />
            <root url="file://$APPLICATION_HOME_DIR$/plugins/python/helpers/typeshed/stubs/appdirs" type="simple" />
            <root url="file://$APPLICATION_HOME_DIR$/plugins/python/helpers/typeshed/stubs/certifi" type="simple" />
            <root url="file://$APPLICATION_HOME_DIR$/plugins/python/helpers/typeshed/stubs/chardet" type="simple" />
            <root url="file://$APPLICATION_HOME_DIR$/plugins/python/helpers/typeshed/stubs/futures" type="simple" />
            <root url="file://$APPLICATION_HOME_DIR$/plugins/python/helpers/typeshed/stubs/pyaudio" type="simple" />
            <root url="file://$APPLICATION_HOME_DIR$/plugins/python/helpers/typeshed/stubs/pyvmomi" type="simple" />
            <root url="file://$APPLICATION_HOME_DIR$/plugins/python/helpers/typeshed/stubs/slumber" type="simple" />
            <root url="file://$APPLICATION_HOME_DIR$/plugins/python/helpers/typeshed/stubs/tzlocal" type="simple" />
            <root url="file://$APPLICATION_HOME_DIR$/plugins/python/helpers/typeshed/stubs/vobject" type="simple" />
            <root url="file://$APPLICATION_HOME_DIR$/plugins/python/helpers/typeshed/stubs/Markdown" type="simple" />
            <root url="file://$APPLICATION_HOME_DIR$/plugins/python/helpers/typeshed/stubs/Pygments" type="simple" />
            <root url="file://$APPLICATION_HOME_DIR$/plugins/python/helpers/typeshed/stubs/Werkzeug" type="simple" />
            <root url="file://$APPLICATION_HOME_DIR$/plugins/python/helpers/typeshed/stubs/aiofiles" type="simple" />
            <root url="file://$APPLICATION_HOME_DIR$/plugins/python/helpers/typeshed/stubs/colorama" type="simple" />
            <root url="file://$APPLICATION_HOME_DIR$/plugins/python/helpers/typeshed/stubs/croniter" type="simple" />
            <root url="file://$APPLICATION_HOME_DIR$/plugins/python/helpers/typeshed/stubs/docutils" type="simple" />
            <root url="file://$APPLICATION_HOME_DIR$/plugins/python/helpers/typeshed/stubs/filelock" type="simple" />
            <root url="file://$APPLICATION_HOME_DIR$/plugins/python/helpers/typeshed/stubs/html5lib" type="simple" />
            <root url="file://$APPLICATION_HOME_DIR$/plugins/python/helpers/typeshed/stubs/httplib2" type="simple" />
            <root url="file://$APPLICATION_HOME_DIR$/plugins/python/helpers/typeshed/stubs/jmespath" type="simple" />
            <root url="file://$APPLICATION_HOME_DIR$/plugins/python/helpers/typeshed/stubs/oauthlib" type="simple" />
            <root url="file://$APPLICATION_HOME_DIR$/plugins/python/helpers/typeshed/stubs/paramiko" type="simple" />
            <root url="file://$APPLICATION_HOME_DIR$/plugins/python/helpers/typeshed/stubs/psycopg2" type="simple" />
            <root url="file://$APPLICATION_HOME_DIR$/plugins/python/helpers/typeshed/stubs/requests" type="simple" />
            <root url="file://$APPLICATION_HOME_DIR$/plugins/python/helpers/typeshed/stubs/selenium" type="simple" />
            <root url="file://$APPLICATION_HOME_DIR$/plugins/python/helpers/typeshed/stubs/tabulate" type="simple" />
            <root url="file://$APPLICATION_HOME_DIR$/plugins/python/helpers/typeshed/stubs/toposort" type="simple" />
            <root url="file://$APPLICATION_HOME_DIR$/plugins/python/helpers/typeshed/stubs/waitress" type="simple" />
            <root url="file://$APPLICATION_HOME_DIR$/plugins/python/helpers/typeshed/stubs/braintree" type="simple" />
            <root url="file://$APPLICATION_HOME_DIR$/plugins/python/helpers/typeshed/stubs/decorator" type="simple" />
            <root url="file://$APPLICATION_HOME_DIR$/plugins/python/helpers/typeshed/stubs/freezegun" type="simple" />
            <root url="file://$APPLICATION_HOME_DIR$/plugins/python/helpers/typeshed/stubs/ipaddress" type="simple" />
            <root url="file://$APPLICATION_HOME_DIR$/plugins/python/helpers/typeshed/stubs/pyOpenSSL" type="simple" />
            <root url="file://$APPLICATION_HOME_DIR$/plugins/python/helpers/typeshed/stubs/pyRFC3339" type="simple" />
            <root url="file://$APPLICATION_HOME_DIR$/plugins/python/helpers/typeshed/stubs/termcolor" type="simple" />
            <root url="file://$APPLICATION_HOME_DIR$/plugins/python/helpers/typeshed/stubs/ttkthemes" type="simple" />
            <root url="file://$APPLICATION_HOME_DIR$/plugins/python/helpers/typeshed/stubs/typed-ast" type="simple" />
            <root url="file://$APPLICATION_HOME_DIR$/plugins/python/helpers/typeshed/stubs/Deprecated" type="simple" />
            <root url="file://$APPLICATION_HOME_DIR$/plugins/python/helpers/typeshed/stubs/MarkupSafe" type="simple" />
            <root url="file://$APPLICATION_HOME_DIR$/plugins/python/helpers/typeshed/stubs/Send2Trash" type="simple" />
            <root url="file://$APPLICATION_HOME_DIR$/plugins/python/helpers/typeshed/stubs/cachetools" type="simple" />
            <root url="file://$APPLICATION_HOME_DIR$/plugins/python/helpers/typeshed/stubs/commonmark" type="simple" />
            <root url="file://$APPLICATION_HOME_DIR$/plugins/python/helpers/typeshed/stubs/dateparser" type="simple" />
            <root url="file://$APPLICATION_HOME_DIR$/plugins/python/helpers/typeshed/stubs/frozendict" type="simple" />
            <root url="file://$APPLICATION_HOME_DIR$/plugins/python/helpers/typeshed/stubs/jsonschema" type="simple" />
            <root url="file://$APPLICATION_HOME_DIR$/plugins/python/helpers/typeshed/stubs/pyfarmhash" type="simple" />
            <root url="file://$APPLICATION_HOME_DIR$/plugins/python/helpers/typeshed/stubs/setuptools" type="simple" />
            <root url="file://$APPLICATION_HOME_DIR$/plugins/python/helpers/typeshed/stubs/simplejson" type="simple" />
            <root url="file://$APPLICATION_HOME_DIR$/plugins/python/helpers/typeshed/stubs/JACK-Client" type="simple" />
            <root url="file://$APPLICATION_HOME_DIR$/plugins/python/helpers/typeshed/stubs/contextvars" type="simple" />
            <root url="file://$APPLICATION_HOME_DIR$/plugins/python/helpers/typeshed/stubs/dataclasses" type="simple" />
            <root url="file://$APPLICATION_HOME_DIR$/plugins/python/helpers/typeshed/stubs/entrypoints" type="simple" />
            <root url="file://$APPLICATION_HOME_DIR$/plugins/python/helpers/typeshed/stubs/mysqlclient" type="simple" />
            <root url="file://$APPLICATION_HOME_DIR$/plugins/python/helpers/typeshed/stubs/prettytable" type="simple" />
            <root url="file://$APPLICATION_HOME_DIR$/plugins/python/helpers/typeshed/stubs/python-nmap" type="simple" />
            <root url="file://$APPLICATION_HOME_DIR$/plugins/python/helpers/typeshed/stubs/atomicwrites" type="simple" />
            <root url="file://$APPLICATION_HOME_DIR$/plugins/python/helpers/typeshed/stubs/aws-xray-sdk" type="simple" />
            <root url="file://$APPLICATION_HOME_DIR$/plugins/python/helpers/typeshed/stubs/cryptography" type="simple" />
            <root url="file://$APPLICATION_HOME_DIR$/plugins/python/helpers/typeshed/stubs/editdistance" type="simple" />
            <root url="file://$APPLICATION_HOME_DIR$/plugins/python/helpers/typeshed/stubs/itsdangerous" type="simple" />
            <root url="file://$APPLICATION_HOME_DIR$/plugins/python/helpers/typeshed/stubs/DateTimeRange" type="simple" />
            <root url="file://$APPLICATION_HOME_DIR$/plugins/python/helpers/typeshed/stubs/backports_abc" type="simple" />
            <root url="file://$APPLICATION_HOME_DIR$/plugins/python/helpers/typeshed/stubs/click-spinner" type="simple" />
            <root url="file://$APPLICATION_HOME_DIR$/plugins/python/helpers/typeshed/stubs/humanfriendly" type="simple" />
            <root url="file://$APPLICATION_HOME_DIR$/plugins/python/helpers/typeshed/stubs/python-gflags" type="simple" />
            <root url="file://$APPLICATION_HOME_DIR$/plugins/python/helpers/typeshed/stubs/beautifulsoup4" type="simple" />
            <root url="file://$APPLICATION_HOME_DIR$/plugins/python/helpers/typeshed/stubs/characteristic" type="simple" />
            <root url="file://$APPLICATION_HOME_DIR$/plugins/python/helpers/typeshed/stubs/python-slugify" type="simple" />
            <root url="file://$APPLICATION_HOME_DIR$/plugins/python/helpers/typeshed/stubs/singledispatch" type="simple" />
            <root url="file://$APPLICATION_HOME_DIR$/plugins/python/helpers/typeshed/stubs/mypy-extensions" type="simple" />
            <root url="file://$APPLICATION_HOME_DIR$/plugins/python/helpers/typeshed/stubs/python-dateutil" type="simple" />
            <root url="file://$APPLICATION_HOME_DIR$/plugins/python/helpers/typeshed/stubs/pytest-lazy-fixture" type="simple" />
            <root url="file://$APPLICATION_HOME_DIR$/plugins/python/helpers/typeshed/stubs/backports.ssl_match_hostname" type="simple" />
          </root>
        </classPath>
        <sourcePath>
          <root type="composite" />
        </sourcePath>
      </roots>
      <additional />
    </jdk>
  </component>
</application>