<profile version="1.0">
  <option name="myName" value="Default" />
  <inspection_tool class="PyCompatibilityInspection" enabled="true" level="WARNING" enabled_by_default="true">
    <option name="ourVersions">
      <value>
        <list size="4">
          <item index="0" class="java.lang.String" itemvalue="2.7" />
          <item index="1" class="java.lang.String" itemvalue="3.8" />
          <item index="2" class="java.lang.String" itemvalue="3.9" />
          <item index="3" class="java.lang.String" itemvalue="3.10" />
        </list>
      </value>
    </option>
  </inspection_tool>
  <inspection_tool class="PyPackageRequirementsInspection" enabled="true" level="WARNING" enabled_by_default="true">
    <option name="ignoredPackages">
      <value>
        <list size="3">
          <item index="0" class="java.lang.String" itemvalue="ubuntu-advantage-tools" />
          <item index="1" class="java.lang.String" itemvalue="Tensorflow" />
          <item index="2" class="java.lang.String" itemvalue="Keras" />
        </list>
      </value>
    </option>
  </inspection_tool>
</profile>